,school,sex,age,address,famsize,Pstatus,Medu,Fedu,Mjob,Fjob,reason,guardian,traveltime,studytime,failures,schoolsup,famsup,paid,activities,nursery,higher,internet,romantic,famrel,freetime,goout,Dalc,Walc,health,absences,G1,G2,G3
0,0,0,18,1,0,0,4,4,0,4,0,1,2,2,0,1,0,0,0,1,1,0,0,4,3,4,1,1,3,6,5,6,6
1,0,0,17,1,0,1,1,1,0,2,0,0,1,2,0,0,1,0,0,0,1,1,0,5,3,3,1,1,3,4,5,5,6
2,0,0,15,1,1,1,1,1,0,2,2,1,1,2,3,1,0,1,0,1,1,1,0,4,3,2,2,3,3,10,7,8,10
3,0,0,15,1,0,1,4,2,1,3,1,1,1,3,0,0,1,1,1,1,1,1,1,3,2,2,1,1,5,2,15,14,15
4,0,0,16,1,0,1,3,3,2,2,1,0,1,2,0,0,1,1,0,1,1,0,0,4,3,2,1,2,5,4,6,10,10
5,0,1,16,1,1,1,4,3,3,2,3,1,1,2,0,0,1,1,1,1,1,1,0,5,4,2,1,2,5,10,15,15,15
6,0,1,16,1,1,1,2,2,2,2,1,1,1,2,0,0,0,0,0,1,1,1,0,4,4,4,1,1,3,0,12,12,11
7,0,0,17,1,0,0,4,4,2,4,1,1,2,2,0,1,1,0,0,1,1,0,0,4,1,4,1,1,1,6,6,5,6
8,0,1,15,1,1,0,3,2,3,2,1,1,1,2,0,0,1,1,0,1,1,1,0,4,2,2,1,1,1,0,16,18,19
9,0,1,15,1,0,1,3,4,2,2,1,1,1,2,0,0,1,1,1,1,1,1,0,5,5,1,1,1,5,0,14,15,15
10,0,0,15,1,0,1,4,4,4,1,3,1,1,2,0,0,1,1,0,1,1,1,0,3,3,3,1,2,2,0,10,8,9
11,0,0,15,1,0,1,2,1,3,2,3,0,3,3,0,0,1,0,1,1,1,1,0,5,2,2,1,1,4,4,10,12,12
12,0,1,15,1,1,1,4,4,1,3,0,0,1,1,0,0,1,1,1,1,1,1,0,4,3,3,1,3,5,2,14,14,14
13,0,1,15,1,0,1,4,3,4,2,0,1,2,2,0,0,1,1,0,1,1,1,0,5,4,3,1,2,3,2,10,10,11
14,0,1,15,1,0,0,2,2,2,2,1,2,1,3,0,0,1,0,0,1,1,1,1,4,5,2,1,1,3,0,14,16,16
15,0,0,16,1,0,1,4,4,1,2,1,1,1,1,0,0,1,0,0,1,1,1,0,4,4,4,1,2,2,4,14,14,14
16,0,0,16,1,0,1,4,4,3,3,3,1,1,3,0,0,1,1,1,1,1,1,0,3,2,3,1,2,2,6,13,14,14
17,0,0,16,1,0,1,3,3,2,2,3,1,3,2,0,1,1,0,1,1,1,0,0,5,3,2,1,1,4,4,8,10,10
18,0,1,17,1,0,1,3,2,3,3,0,1,1,1,3,0,1,0,1,1,1,1,0,5,5,5,2,4,5,16,6,5,5
19,0,1,16,1,1,1,4,3,1,2,1,0,1,1,0,0,0,1,1,1,1,1,0,3,1,3,1,3,5,4,8,10,10
20,0,1,15,1,0,1,4,3,4,2,3,1,1,2,0,0,0,0,0,1,1,1,0,4,4,1,1,1,1,0,13,14,15
21,0,1,15,1,0,1,4,4,1,1,2,0,1,1,0,0,1,1,0,1,1,1,0,5,4,2,1,1,5,0,12,15,15
22,0,1,16,1,1,1,4,2,4,2,0,1,1,2,0,0,0,0,1,1,1,1,0,4,5,1,1,3,5,2,15,15,16
23,0,1,16,1,1,1,2,2,2,2,3,1,2,2,0,0,1,0,1,1,1,1,0,5,4,4,2,4,5,0,13,13,12
24,0,0,15,0,0,1,2,4,3,1,0,1,1,3,0,1,1,1,1,1,1,1,0,4,3,2,1,1,5,2,10,9,8
25,0,0,16,1,0,1,2,2,3,3,1,1,1,1,2,0,1,1,0,0,1,1,0,1,2,2,1,3,5,14,6,9,8
26,0,1,15,1,0,1,2,2,2,2,1,1,1,1,0,0,1,1,0,1,1,1,0,4,2,2,1,2,5,2,12,12,11
27,0,1,15,1,0,1,4,2,1,3,2,1,1,1,0,0,0,1,0,1,1,1,0,2,2,4,2,4,1,4,15,16,15
28,0,1,16,1,1,0,3,4,3,2,1,1,1,2,0,1,1,0,1,1,1,1,0,5,3,3,1,1,5,4,11,11,11
29,0,1,16,1,0,1,4,4,4,4,1,1,1,2,0,0,1,1,1,1,1,1,1,4,4,5,5,5,5,16,10,12,11
30,0,1,15,1,0,1,4,4,1,3,1,1,1,2,0,0,1,1,0,0,1,1,0,5,4,2,3,4,5,0,9,11,12
31,0,1,15,1,0,1,4,4,3,3,3,1,2,2,0,0,1,0,1,1,1,1,0,4,3,1,1,1,5,0,17,16,17
32,0,1,15,0,0,1,4,3,4,0,0,1,1,2,0,0,1,0,1,1,1,1,1,4,5,2,1,1,5,0,17,16,16
33,0,1,15,1,1,1,3,3,2,2,0,1,1,2,0,0,0,0,1,0,1,1,0,5,3,2,1,1,2,0,8,10,12
34,0,1,16,1,0,1,3,2,2,2,1,1,1,1,0,0,1,1,0,0,1,1,0,5,4,3,1,1,5,0,12,14,15
35,0,0,15,1,0,1,2,3,2,2,2,0,2,1,0,0,1,0,1,1,1,0,0,3,5,1,1,1,5,0,8,7,6
36,0,1,15,1,1,1,4,3,4,3,1,1,1,3,0,0,1,0,1,1,1,1,0,5,4,3,1,1,4,2,15,16,18
37,0,1,16,0,0,0,4,4,2,4,3,1,2,3,0,0,1,0,1,1,1,1,1,2,4,3,1,1,5,7,15,16,15
38,0,0,15,0,0,1,3,4,3,1,0,1,1,3,0,1,1,1,1,1,1,1,0,4,3,2,1,1,5,2,12,12,11
39,0,0,15,0,0,1,2,2,0,2,3,1,1,1,0,1,1,1,1,1,1,0,0,4,3,1,1,1,2,8,14,13,13
40,0,0,16,1,1,1,2,2,2,2,1,1,2,2,1,0,1,0,1,0,1,1,1,3,3,3,1,2,3,25,7,10,11
41,0,1,15,1,1,1,4,4,4,2,1,2,1,1,0,0,1,0,0,0,1,1,1,5,4,3,2,4,5,8,12,12,12
42,0,1,15,1,0,1,4,4,3,4,0,0,1,2,0,0,1,0,1,1,1,1,0,4,3,3,1,1,5,2,19,18,18
43,0,1,15,1,0,1,2,2,3,3,0,0,1,1,0,1,1,0,0,1,1,1,0,5,4,1,1,1,1,0,8,8,11
44,0,0,16,1,1,1,2,2,2,0,0,0,2,2,1,1,0,0,1,1,1,1,0,4,3,3,2,2,5,14,10,10,9
45,0,0,15,1,1,0,4,3,2,2,0,1,1,2,0,1,1,1,1,1,1,1,1,5,2,2,1,1,5,8,8,8,6
46,0,0,16,1,1,0,3,3,2,3,1,1,1,2,0,0,1,0,0,1,1,1,0,2,3,5,1,4,3,12,11,12,11
47,0,1,16,1,0,1,4,3,1,3,3,1,1,4,0,0,0,0,1,1,1,1,0,4,2,2,1,1,2,4,19,19,20
48,0,1,15,1,0,1,4,2,4,2,1,1,1,2,0,0,1,1,0,1,1,0,0,4,3,3,2,2,5,2,15,15,14
49,0,0,15,1,0,1,4,4,3,4,2,0,1,2,1,1,1,0,1,0,1,1,0,4,4,4,1,1,3,2,7,7,7
50,0,0,16,1,1,1,2,2,3,3,0,1,3,2,0,0,1,1,0,1,1,1,0,4,3,3,2,3,4,2,12,13,13
51,0,0,15,1,1,1,4,2,1,2,2,1,1,2,0,0,1,1,0,1,1,1,0,4,3,3,1,1,5,2,11,13,13
52,0,1,15,1,1,0,4,2,1,1,2,0,2,1,1,0,0,0,0,1,1,0,0,5,5,5,3,4,5,6,11,11,10
53,0,0,15,1,0,1,4,4,3,3,0,1,1,1,0,1,1,1,0,1,1,1,0,3,3,4,2,3,5,0,8,10,11
54,0,0,15,1,1,0,3,3,2,2,2,1,1,1,0,0,0,1,0,1,1,1,0,5,3,4,4,4,1,6,10,13,13
55,0,0,16,1,0,0,2,1,2,2,2,1,1,2,0,0,0,1,1,1,1,1,1,5,3,4,1,1,2,8,8,9,10
56,0,0,15,1,0,0,4,3,3,3,3,1,1,2,0,0,1,1,1,1,1,1,0,4,3,2,1,1,1,0,14,15,15
57,0,1,15,1,0,1,4,4,4,1,3,1,1,2,0,0,1,0,1,1,1,0,0,3,2,2,1,1,5,4,14,15,15
58,0,1,15,1,1,1,1,2,2,0,1,0,1,2,0,1,1,0,1,1,1,1,0,4,3,2,1,1,5,2,9,10,9
59,0,0,16,1,0,1,4,2,3,2,0,1,1,2,0,0,1,0,0,1,1,1,0,4,2,3,1,1,5,2,15,16,16
60,0,0,16,0,0,1,4,4,1,4,2,1,1,2,0,0,1,0,1,1,1,0,0,2,4,4,2,3,4,6,10,11,11
61,0,0,16,1,0,1,1,1,3,3,0,0,4,1,0,1,1,0,1,0,1,1,1,5,5,5,5,5,5,6,10,8,11
62,0,0,16,1,1,1,1,2,2,3,3,0,1,2,0,1,0,0,1,1,1,1,0,4,4,3,1,1,1,4,8,10,9
63,0,0,16,1,0,1,4,3,4,1,1,1,1,3,0,1,1,1,1,1,1,1,0,3,4,4,2,4,4,2,10,9,9
64,0,0,15,1,1,1,4,3,3,3,3,0,1,2,0,1,0,0,1,1,1,1,1,4,4,4,2,4,2,0,10,10,10
65,0,0,16,1,1,1,4,3,4,3,0,1,3,2,0,0,1,0,1,1,1,1,0,5,4,3,1,2,1,2,16,15,15
66,0,1,15,1,0,0,4,4,2,3,3,1,1,4,0,0,1,0,1,0,1,1,1,1,3,3,5,5,3,4,13,13,12
67,0,0,16,1,0,1,3,1,3,2,0,1,1,4,0,1,1,1,0,1,1,1,0,4,3,3,1,2,5,4,7,7,6
68,0,0,15,0,1,1,2,2,1,3,3,1,2,2,0,1,1,1,0,1,1,1,0,4,1,3,1,3,4,2,8,9,8
69,0,0,15,0,1,1,3,1,2,2,3,0,2,4,0,0,1,0,0,0,1,1,0,4,4,2,2,3,3,12,16,16,16
70,0,1,16,1,0,1,3,1,2,2,3,0,2,4,0,0,1,1,0,1,1,1,0,4,3,2,1,1,5,0,13,15,15
71,0,1,15,1,0,1,4,2,2,2,0,1,1,4,0,0,0,0,0,1,1,1,0,3,3,3,1,1,3,0,10,10,10
72,0,0,15,0,0,1,1,1,2,2,3,1,1,2,2,1,1,0,0,0,1,1,1,3,3,4,2,4,5,2,8,6,5
73,0,1,16,1,0,1,3,1,2,2,3,1,1,1,0,0,0,0,1,1,1,0,0,5,3,2,2,2,5,2,12,12,14
74,0,0,16,1,0,1,3,3,2,3,1,1,1,2,0,1,1,1,1,1,1,1,0,4,3,3,2,4,5,54,11,12,11
75,0,1,15,1,0,1,4,3,4,2,1,1,1,2,0,0,1,1,1,1,1,1,0,4,3,3,2,3,5,6,9,9,10
76,0,1,15,1,0,1,4,0,4,2,0,1,2,4,0,0,0,0,1,1,1,1,0,3,4,3,1,1,1,8,11,11,10
77,0,0,16,1,0,1,2,2,2,2,3,1,1,4,0,0,0,1,0,1,1,1,1,5,2,3,1,3,3,0,11,11,11
78,0,1,17,1,0,1,2,1,2,2,1,1,2,1,3,1,1,0,1,1,0,1,0,4,5,1,1,1,3,2,8,8,10
79,0,0,16,1,0,1,3,4,0,2,0,1,1,2,0,0,1,0,0,1,1,1,0,2,4,3,1,2,3,12,5,5,5
80,0,1,15,1,0,1,2,3,2,3,0,0,1,1,0,1,1,1,1,0,1,1,1,3,2,2,1,3,3,2,10,12,12
81,0,1,15,1,0,1,2,3,2,2,1,1,1,3,0,1,0,1,0,0,1,1,0,5,3,2,1,2,5,4,11,10,11
82,0,0,15,1,1,1,3,2,3,2,3,1,1,2,0,0,1,1,0,1,1,1,0,4,4,4,1,1,5,10,7,6,6
83,0,1,15,1,1,1,2,2,3,3,1,1,2,2,0,0,0,1,1,1,1,1,0,5,3,3,1,3,4,4,15,15,15
84,0,0,15,1,0,1,1,1,2,2,1,0,1,2,0,0,1,0,1,0,1,1,0,4,3,2,2,3,4,2,9,10,10
85,0,0,15,1,0,1,4,4,3,3,3,0,2,2,2,0,0,1,0,1,1,1,1,4,4,4,2,3,5,6,7,9,8
86,0,0,16,1,1,1,2,2,0,2,0,1,1,2,0,0,1,0,0,1,1,0,0,4,3,4,1,2,2,4,8,7,6
87,0,0,15,1,0,1,4,2,2,2,3,1,1,3,0,0,1,0,1,1,1,1,0,5,3,3,1,3,1,4,13,14,14
88,0,1,16,1,0,1,2,2,3,2,3,0,2,2,1,0,0,1,1,0,1,1,0,4,4,2,1,1,3,12,11,10,10
89,0,1,16,1,1,0,4,4,4,1,3,1,1,2,0,0,1,0,0,1,1,0,0,4,1,3,3,5,5,18,8,6,7
90,0,0,16,1,0,1,3,3,2,2,1,1,1,3,0,0,1,1,0,1,1,1,1,4,3,3,1,3,4,0,7,7,8
91,0,0,15,1,0,1,4,3,3,2,3,1,1,1,0,0,0,1,1,1,1,1,0,4,5,5,1,3,1,4,16,17,18
92,0,0,16,1,1,1,3,1,2,2,1,0,1,2,0,1,1,0,0,1,1,0,0,3,3,3,2,3,2,4,7,6,6
93,0,0,16,1,0,1,4,2,4,3,1,1,2,2,0,0,1,1,1,1,1,1,0,5,3,3,1,1,1,0,11,10,10
94,0,1,15,1,1,1,2,2,3,1,3,1,1,4,0,0,1,0,1,1,1,1,0,4,3,4,1,1,4,6,11,13,14
95,0,0,15,0,0,1,1,1,0,2,1,1,2,4,1,1,1,1,1,1,1,1,0,3,1,2,1,1,1,2,7,10,10
96,0,1,16,0,0,1,4,3,3,2,3,1,2,1,0,1,1,0,1,0,1,1,0,3,3,3,1,1,4,2,11,15,15
97,0,0,16,1,0,1,2,1,2,2,0,1,1,2,0,0,1,1,0,1,1,0,1,4,3,5,1,1,5,2,8,9,10
98,0,0,16,1,0,1,4,4,2,2,3,1,1,1,0,0,0,0,1,0,1,1,0,5,3,4,1,2,1,6,11,14,14
99,0,0,16,1,0,1,4,3,2,0,0,1,1,3,0,1,1,1,0,1,1,1,0,5,3,5,1,1,3,0,7,9,8
100,0,1,16,1,0,1,4,4,3,3,2,1,1,1,0,1,1,1,1,1,1,1,0,4,5,5,5,5,4,14,7,7,5
101,0,1,16,1,0,1,4,4,3,4,2,0,1,3,0,0,1,0,1,1,1,1,1,4,4,3,1,1,4,0,16,17,17
102,0,1,15,1,0,1,4,4,3,2,0,1,1,1,0,0,1,0,1,0,1,1,0,5,3,3,1,1,5,4,10,13,14
103,0,0,15,1,0,1,3,2,3,2,1,1,2,2,0,1,1,1,0,1,1,1,0,4,3,5,1,1,2,26,7,6,6
104,0,1,15,1,0,0,3,4,3,2,0,1,1,2,0,0,1,1,1,1,1,1,0,5,4,4,1,1,1,0,16,18,18
105,0,0,15,1,0,0,3,3,2,1,3,0,1,4,0,1,0,0,0,1,1,0,0,4,3,3,1,1,4,10,10,11,11
106,0,0,15,1,0,1,2,2,2,2,0,1,1,4,0,1,1,1,0,1,1,1,0,5,1,2,1,1,3,8,7,8,8
107,0,1,16,1,0,1,3,3,3,2,1,0,1,3,0,0,1,0,1,1,1,1,0,5,3,3,1,1,5,2,16,18,18
108,0,1,15,0,0,1,4,4,2,2,1,0,4,4,0,0,1,1,1,1,1,1,1,1,3,5,3,5,1,6,10,13,13
109,0,0,16,1,1,1,4,4,1,1,2,1,1,3,0,0,1,1,1,1,1,1,1,5,4,5,1,1,4,4,14,15,16
110,0,1,15,1,1,0,4,4,4,4,0,1,1,1,0,0,0,0,1,1,1,1,0,5,5,3,1,1,4,6,18,19,19
111,0,0,16,0,0,1,3,3,3,2,3,0,1,3,1,1,1,0,1,1,1,1,0,4,1,2,1,1,2,0,7,10,10
112,0,0,16,1,0,1,2,2,0,2,1,1,1,2,1,1,0,0,1,1,1,1,0,3,1,2,1,1,5,6,10,13,13
113,0,1,15,1,1,1,4,2,4,2,0,1,1,1,0,0,0,0,0,1,1,1,0,3,5,2,1,1,3,10,18,19,19
114,0,1,15,0,0,1,2,1,1,3,3,1,1,2,0,0,0,0,1,1,1,1,1,5,4,2,1,1,5,8,9,9,9
115,0,1,16,1,0,1,4,4,4,4,0,0,1,2,0,0,1,0,1,1,1,1,0,5,4,4,1,2,5,2,15,15,16
116,0,1,15,1,0,1,4,4,2,4,3,0,2,2,0,0,1,0,1,1,1,0,0,4,4,3,1,1,2,2,11,13,14
117,0,1,16,1,0,1,3,3,2,3,1,0,2,1,0,0,0,0,1,1,1,1,0,5,4,2,1,1,5,0,13,14,13
118,0,1,17,0,0,1,1,3,2,2,0,0,3,2,1,0,1,0,1,1,1,1,0,5,2,4,1,4,5,20,9,7,8
119,0,1,15,1,0,1,3,4,2,2,3,0,1,1,0,0,0,0,0,1,1,1,0,3,4,3,1,2,4,6,14,13,13
120,0,0,15,1,0,1,1,2,0,3,0,1,1,2,0,0,0,0,0,0,1,1,0,3,2,3,1,2,1,2,16,15,15
121,0,1,15,1,0,1,2,2,3,3,1,0,1,4,0,0,1,1,1,1,1,1,0,5,5,4,1,2,5,6,16,14,15
122,0,0,16,1,1,1,2,4,2,1,0,0,2,2,0,0,1,1,1,1,1,1,1,4,2,2,1,2,5,2,13,13,13
123,0,1,16,1,0,1,4,4,1,2,0,1,1,1,0,0,1,0,1,1,1,1,0,3,4,4,1,4,5,18,14,11,13
124,0,0,16,1,0,1,2,2,2,2,1,1,1,2,0,0,0,1,0,1,1,1,1,5,4,4,1,1,5,0,8,7,8
125,0,1,15,1,0,1,3,4,3,3,1,0,1,1,0,1,0,0,0,1,1,1,0,5,5,5,3,2,5,0,13,13,12
126,0,0,15,1,1,0,3,4,2,2,1,1,1,2,0,1,0,0,1,1,1,1,1,5,3,2,1,1,1,0,7,10,11
127,0,0,19,1,0,1,0,1,0,2,0,2,1,2,3,0,1,0,0,0,0,0,0,3,4,2,1,1,5,2,7,8,9
128,0,1,18,0,0,1,2,2,3,2,3,1,1,1,2,0,1,0,1,1,1,1,0,3,3,3,1,2,4,0,7,4,0
129,0,1,16,0,0,1,4,4,4,4,0,1,1,1,0,0,0,1,1,1,1,1,0,3,5,5,2,5,4,8,18,18,18
130,0,0,15,0,0,1,3,4,3,4,0,0,2,3,2,0,1,0,0,1,1,1,1,4,2,2,2,2,5,0,12,12,11
131,0,0,15,1,0,1,1,1,0,2,0,1,3,1,0,0,1,0,1,0,1,1,1,4,3,3,1,2,4,0,8,10,10
132,0,0,17,1,1,1,2,2,2,2,0,0,1,1,0,0,1,0,0,1,1,1,1,3,4,4,1,3,5,12,10,13,12
133,0,0,16,1,0,0,3,4,3,2,0,0,1,1,0,0,0,0,0,1,1,1,0,3,2,1,1,4,5,16,12,11,11
134,0,1,15,0,0,1,3,4,0,4,0,1,4,2,0,0,1,0,0,1,1,0,1,5,3,3,1,1,5,0,9,11,11
135,0,0,15,1,0,1,4,4,3,0,0,1,1,3,0,0,1,0,1,1,1,1,1,4,3,3,1,1,5,0,11,11,11
136,0,1,17,0,0,1,3,4,0,2,0,1,3,2,0,0,0,0,0,1,1,0,0,5,4,5,2,4,5,0,10,8,10
138,0,1,16,1,1,1,1,1,3,2,0,1,1,2,1,0,0,0,0,1,1,0,1,4,4,4,1,3,5,0,14,12,12
139,0,0,15,1,0,1,4,4,4,4,0,1,2,1,0,0,0,0,1,1,1,1,0,4,3,2,1,1,5,0,16,16,15
140,0,1,15,1,0,1,4,3,4,3,0,0,2,4,0,1,1,0,0,1,1,1,0,2,2,2,1,1,3,0,7,9,8
141,0,1,16,1,1,1,2,2,3,3,3,0,2,1,2,0,1,0,1,1,1,1,0,2,3,3,2,2,2,8,9,9,9
142,0,0,15,1,0,1,4,4,4,3,0,1,1,3,0,0,1,1,1,1,1,1,0,4,2,2,1,1,5,2,9,11,11
143,0,0,16,1,1,1,1,1,0,0,0,1,1,1,0,0,0,0,0,1,1,1,0,3,4,4,3,3,1,2,14,14,13
144,0,1,17,1,0,1,2,1,2,2,1,1,1,1,3,0,1,0,0,1,1,1,0,5,4,5,1,2,5,0,5,6,6
145,0,0,15,1,0,1,1,1,2,3,0,0,1,2,0,0,1,1,0,1,1,1,0,4,4,2,1,2,5,0,8,11,11
146,0,0,15,1,0,1,3,2,1,3,1,0,1,2,3,0,1,0,0,1,1,1,0,3,3,2,1,1,3,0,6,7,6
147,0,0,15,1,0,1,1,2,0,2,0,1,1,2,0,0,1,1,0,0,1,1,0,4,3,2,1,1,5,2,10,11,11
148,0,1,16,1,0,1,4,4,4,4,0,1,1,1,0,0,1,0,0,1,0,1,1,3,3,2,2,1,5,0,7,6,6
149,0,1,15,1,1,0,2,1,3,2,0,1,4,1,3,0,0,0,0,1,1,1,0,4,5,5,2,5,5,0,8,9,10
150,0,1,18,1,1,1,1,1,2,2,0,1,1,1,3,0,0,0,0,1,0,1,1,2,3,5,2,5,4,0,6,5,6
151,0,1,16,1,1,1,2,1,0,2,0,1,1,1,1,0,0,0,1,1,1,0,1,4,4,4,3,5,5,6,12,13,14
152,0,0,15,0,0,1,3,3,3,3,3,2,2,3,2,0,1,1,1,1,1,1,1,4,2,1,2,3,3,8,10,10,10
153,0,1,19,1,0,1,3,2,3,0,1,1,1,1,3,0,1,0,0,1,0,1,1,4,5,4,1,1,4,0,5,6,6
154,0,0,17,1,0,1,4,4,2,4,0,1,1,1,0,1,1,0,0,1,1,0,1,4,2,1,1,1,4,0,11,11,12
155,0,1,15,0,0,1,2,3,0,3,0,1,1,2,0,1,0,1,1,1,1,0,0,4,4,4,1,1,1,2,11,8,8
156,0,1,17,0,1,1,1,2,2,2,3,1,1,1,0,0,0,0,0,1,1,0,0,2,2,2,3,3,5,8,16,12,13
157,0,0,18,0,0,1,1,1,0,2,0,1,3,1,3,0,1,0,1,0,1,0,0,5,2,5,1,5,4,6,9,8,10
158,0,1,16,0,0,1,2,2,0,2,0,1,3,1,0,0,0,0,0,0,1,0,0,4,2,2,1,2,3,2,17,15,15
159,0,1,16,1,0,1,3,3,2,3,0,0,1,2,1,0,1,1,0,1,1,1,1,4,5,5,4,4,5,4,10,12,12
160,0,1,17,0,1,1,2,1,0,2,0,1,2,1,2,0,0,0,1,1,0,1,1,3,3,2,2,2,5,0,7,6,6
161,0,1,15,0,0,1,3,2,2,2,0,1,2,2,2,1,1,0,0,1,1,1,1,4,4,4,1,4,3,6,5,9,7
162,0,1,16,1,1,1,1,2,2,2,0,1,2,1,1,0,0,0,1,1,1,0,0,4,4,4,2,4,5,0,7,8,10
163,0,1,17,1,0,1,1,3,0,3,0,0,1,1,0,0,0,0,0,1,0,1,0,5,3,3,1,4,2,2,10,10,10
164,0,1,17,0,1,1,1,1,2,3,0,1,4,2,3,0,0,0,1,1,0,0,1,5,3,5,1,5,5,0,5,8,7
165,0,1,16,1,0,1,3,2,3,3,0,1,2,1,1,0,1,0,1,0,0,0,0,4,5,2,1,1,2,16,12,11,12
166,0,1,16,1,0,1,2,2,2,2,0,0,1,2,0,0,0,0,0,1,0,1,0,4,3,5,2,4,4,4,10,10,10
167,0,0,16,1,0,1,4,2,1,3,1,0,1,2,0,0,0,1,0,1,1,1,1,4,2,3,1,1,3,0,14,15,16
168,0,0,16,1,0,1,2,2,2,2,1,1,1,2,0,0,1,1,0,0,1,1,0,5,1,5,1,1,4,0,6,7,6
169,0,0,16,1,0,1,4,4,1,1,3,1,1,2,0,0,1,1,0,1,1,1,1,4,4,2,1,1,3,0,14,14,14
170,0,1,16,1,0,1,3,4,2,2,0,0,3,1,2,0,1,0,1,0,1,1,0,3,4,5,2,4,2,0,6,5,6
171,0,1,16,1,0,1,1,0,2,2,3,1,2,2,0,0,1,1,1,1,1,1,1,4,3,2,1,1,3,2,13,15,16
172,0,1,17,1,1,1,4,4,4,2,3,1,1,2,0,0,1,1,1,1,1,1,0,4,4,4,1,3,5,0,13,11,10
173,0,0,16,1,0,1,1,3,0,3,1,1,1,2,3,0,0,0,1,0,1,1,1,4,3,5,1,1,3,0,8,7,6
174,0,0,16,1,1,1,3,3,2,2,3,1,2,2,0,0,1,1,1,1,1,1,0,4,4,5,1,1,4,4,10,11,9
175,0,1,17,1,1,1,4,3,4,2,0,1,2,2,0,0,0,1,1,1,1,1,0,4,4,4,4,4,4,4,10,9,9
176,0,0,16,1,0,1,2,2,3,2,3,1,2,2,0,0,0,1,1,0,1,1,0,3,4,4,1,4,5,2,13,13,11
177,0,1,17,1,0,1,3,3,2,2,3,0,1,2,0,0,0,0,1,0,1,1,0,4,3,4,1,4,4,4,6,5,6
178,0,1,16,0,0,1,4,2,4,3,2,1,1,1,0,0,1,0,1,1,1,1,1,4,3,3,3,4,3,10,10,8,9
179,0,1,17,1,0,1,4,3,2,2,0,1,1,2,0,0,1,0,1,1,1,1,1,5,2,3,1,1,2,4,10,10,11
180,0,1,16,1,0,1,4,3,4,2,1,1,1,2,0,0,1,1,1,1,1,1,0,3,4,3,2,3,3,10,9,8,8
181,0,1,16,1,0,1,3,3,3,2,1,1,1,2,0,0,0,1,1,1,1,1,1,4,2,3,1,2,3,2,12,13,12
182,0,0,17,1,0,1,2,4,3,3,3,0,1,2,0,0,1,0,1,1,1,0,0,5,4,2,2,3,5,0,16,17,17
183,0,0,17,1,1,1,3,3,2,2,3,1,1,2,0,0,1,0,1,1,1,1,1,5,3,3,2,3,1,56,9,9,8
184,0,0,16,1,0,1,3,2,2,2,3,1,1,2,0,0,1,1,0,1,1,1,0,1,2,2,1,2,1,14,12,13,12
185,0,1,17,1,0,1,3,3,3,3,2,1,1,2,0,0,1,0,1,1,1,1,1,4,3,4,2,3,4,12,12,12,11
186,0,1,16,1,0,1,1,2,3,3,2,1,1,1,0,0,1,1,1,1,1,1,1,3,3,3,1,2,3,2,11,12,11
187,0,1,16,1,1,1,2,1,2,2,0,1,1,2,0,0,0,1,1,1,1,1,1,4,2,3,1,2,5,0,15,15,15
188,0,0,17,1,0,0,3,3,1,2,3,1,1,2,0,0,1,0,0,0,1,1,1,3,3,3,1,3,3,6,8,7,9
189,0,1,17,0,0,1,1,2,0,2,1,1,1,2,0,0,0,0,0,1,1,0,0,3,1,3,1,5,3,4,8,9,10
190,0,0,16,1,0,1,2,3,3,3,0,1,1,2,0,0,0,0,0,1,1,1,0,4,3,3,1,1,2,10,11,12,13
191,0,0,17,1,0,1,1,1,0,3,0,1,1,2,0,0,0,0,1,1,1,1,0,5,3,3,1,1,3,0,8,8,9
192,0,1,17,1,0,1,1,2,0,3,2,2,2,2,0,0,0,1,1,0,1,1,0,4,4,4,4,5,5,12,7,8,8
193,0,1,16,0,0,1,3,3,3,3,3,1,1,1,0,0,1,0,1,1,1,1,0,4,3,2,3,4,5,8,8,9,10
194,0,1,16,1,0,1,2,3,2,2,1,0,2,1,0,0,0,0,0,1,1,1,0,5,3,3,1,1,3,0,13,14,14
195,0,0,17,1,1,1,2,4,3,3,0,0,1,2,0,0,0,0,1,1,1,1,1,4,3,2,1,1,5,0,14,15,15
196,0,1,17,1,0,1,4,4,3,4,1,1,1,1,0,0,0,0,0,1,1,1,0,5,2,3,1,2,5,4,17,15,16
197,0,1,16,0,1,1,3,3,4,2,1,0,3,1,0,0,1,1,1,1,1,1,0,3,3,4,3,5,3,8,9,9,10
198,0,0,17,1,0,1,4,4,3,4,1,1,2,1,1,0,1,0,0,1,1,1,0,4,2,4,2,3,2,24,18,18,18
199,0,0,16,1,1,1,4,4,4,4,3,1,1,2,0,0,1,1,0,1,1,1,0,4,5,2,1,2,3,0,9,9,10
200,0,0,16,1,0,1,4,3,1,2,1,1,1,2,0,0,1,0,1,1,1,1,0,4,3,5,1,5,2,2,16,16,16
201,0,0,16,1,0,1,2,3,2,2,3,1,1,2,0,1,1,1,1,1,1,0,0,4,4,3,1,3,4,6,8,10,10
202,0,0,17,1,0,1,1,1,2,2,0,1,1,2,0,0,1,1,0,0,1,0,0,4,4,4,1,3,1,4,9,9,10
203,0,0,17,0,0,1,2,2,2,2,3,1,1,1,0,0,1,0,0,1,1,1,0,5,3,2,1,2,3,18,7,6,6
204,0,0,16,0,0,1,2,2,3,3,3,1,2,4,0,0,1,1,1,0,1,1,0,5,3,5,1,1,5,6,10,10,11
205,0,0,17,1,0,1,3,4,0,3,1,1,1,3,1,0,1,1,0,1,1,1,1,4,4,3,3,4,5,28,10,9,9
206,0,0,16,1,0,0,3,1,3,2,0,1,1,2,3,0,1,1,0,1,1,1,0,2,3,3,2,2,4,5,7,7,7
207,0,0,16,1,0,1,4,3,4,2,2,1,1,2,0,0,0,1,1,1,1,1,1,1,3,2,1,1,1,10,11,12,13
208,0,0,16,1,0,1,1,1,0,2,1,1,2,1,0,0,1,1,0,1,1,0,0,4,3,2,1,4,5,6,9,9,10
209,0,0,17,0,0,1,4,3,4,2,3,1,2,3,0,0,1,1,1,1,1,1,1,4,4,2,1,1,4,6,7,7,7
210,0,0,19,1,0,1,3,3,2,2,3,2,1,4,0,0,1,1,1,1,1,1,0,4,3,3,1,2,3,10,8,8,8
211,0,1,17,1,1,1,4,4,3,2,1,1,1,2,0,0,1,1,0,1,1,1,1,5,3,5,4,5,3,13,12,12,13
212,0,0,16,1,0,0,2,2,2,2,3,1,1,2,0,1,1,1,0,1,1,1,0,3,3,4,1,1,4,0,12,13,14
213,0,1,18,1,0,1,2,2,3,2,1,1,1,2,1,0,1,1,1,1,1,1,0,4,4,4,2,4,5,15,6,7,8
214,0,0,17,0,1,1,4,4,3,2,2,1,1,1,0,0,1,1,0,1,1,0,0,5,2,1,1,2,3,12,8,10,10
215,0,0,17,1,1,1,3,2,2,2,3,1,2,2,0,0,0,1,0,1,1,1,0,4,4,4,1,3,1,2,14,15,15
216,0,0,17,1,0,1,4,3,2,2,3,1,1,2,2,0,0,1,0,1,1,1,1,3,4,5,2,4,1,22,6,6,4
217,0,1,18,1,1,1,3,3,3,1,1,0,1,2,1,0,1,1,0,1,1,1,0,3,2,4,2,4,4,13,6,6,8
218,0,0,17,1,0,1,2,3,0,2,1,0,2,1,0,0,1,1,0,1,1,0,0,3,3,3,1,4,3,3,7,7,8
219,0,0,17,1,0,1,2,2,0,0,0,1,1,3,0,0,1,1,1,1,1,1,0,4,3,3,1,1,4,4,9,10,10
220,0,0,17,0,0,1,2,1,0,3,3,1,2,2,0,0,1,0,1,1,1,1,0,4,2,5,1,2,5,2,6,6,6
221,0,0,17,1,0,1,1,1,0,2,3,1,1,3,1,0,1,0,1,1,1,0,1,4,3,4,1,1,5,0,6,5,6
222,0,0,16,1,0,1,2,3,3,4,2,1,1,2,0,1,0,0,0,1,1,1,0,2,3,1,1,1,3,2,16,16,17
223,0,1,18,1,0,1,2,2,2,2,1,1,2,2,0,0,1,1,0,1,1,1,0,3,3,3,5,5,4,0,12,13,13
224,0,0,16,1,0,1,4,4,4,3,1,1,1,3,0,0,1,0,1,0,1,1,0,5,3,2,1,1,5,0,13,13,14
225,0,0,18,0,0,1,3,1,2,2,3,1,1,2,1,0,0,0,1,1,1,1,1,5,3,3,1,1,4,16,9,8,7
226,0,0,17,1,0,1,3,2,2,2,0,1,1,2,0,0,0,0,1,0,1,1,0,5,3,4,1,3,3,10,16,15,15
227,0,1,17,1,1,1,2,3,3,3,3,0,1,2,0,0,1,1,0,0,1,1,0,5,3,3,1,3,3,2,12,11,12
228,0,1,18,1,1,1,2,1,0,2,0,1,4,2,0,1,1,1,1,1,1,1,1,4,3,2,4,5,3,14,10,8,9
229,0,0,17,1,0,0,2,1,2,2,0,1,2,3,0,0,0,0,1,1,1,1,1,3,2,3,1,2,3,10,12,10,12
230,0,0,17,1,1,1,4,3,1,2,3,0,1,2,0,0,0,0,1,1,1,1,1,3,2,3,1,2,3,14,13,13,14
231,0,1,17,0,0,1,2,2,2,2,0,0,2,2,0,0,1,1,1,1,1,1,0,4,5,2,1,1,1,4,11,11,11
232,0,1,17,1,0,1,4,4,4,4,3,1,1,2,0,1,1,0,1,1,1,1,1,4,5,5,1,3,2,14,11,9,9
233,0,1,16,1,0,1,4,4,1,2,3,0,1,2,0,0,1,1,1,1,1,1,0,4,2,4,2,4,1,2,14,13,13
234,0,1,16,1,1,1,1,1,2,2,1,1,2,2,0,0,1,1,0,1,1,1,0,3,4,2,1,1,5,18,9,7,6
235,0,1,16,1,0,1,3,2,0,2,3,1,2,3,0,0,0,0,1,1,1,1,1,5,3,3,1,3,2,10,11,9,10
236,0,1,17,1,1,1,2,2,2,2,1,0,1,2,0,0,0,1,1,0,1,1,1,4,4,2,5,5,4,4,14,13,13
237,0,0,16,1,0,1,2,1,2,2,1,1,1,1,0,0,0,0,0,1,1,1,1,4,5,2,1,1,5,20,13,12,12
238,0,0,17,0,0,1,2,1,0,3,0,1,3,2,0,0,0,0,1,1,1,0,0,2,1,1,1,1,3,2,13,11,11
239,0,1,18,1,0,1,2,2,2,3,3,0,1,2,1,0,0,0,0,1,0,1,0,5,5,4,3,5,2,0,7,7,6
240,0,1,17,1,1,1,4,3,1,2,0,1,2,2,0,0,0,0,1,1,1,1,1,2,5,5,1,4,5,14,12,12,12
241,0,1,17,0,1,0,4,4,4,2,0,1,2,2,0,0,1,1,0,1,1,1,0,3,3,3,2,3,4,2,10,11,12
242,0,1,16,1,1,1,4,3,4,2,0,1,1,1,0,0,0,0,1,0,1,1,0,5,4,5,1,1,3,0,6,10,10
243,0,1,16,1,0,1,4,4,3,3,0,1,1,1,0,0,0,0,1,1,1,1,0,5,3,2,1,2,5,0,13,12,12
244,0,0,18,1,0,1,2,1,2,2,0,2,2,3,0,0,1,1,0,0,1,1,1,4,4,4,1,1,3,0,7,8,10
245,0,1,16,1,0,1,2,1,2,2,0,1,3,1,0,0,0,0,0,1,1,1,0,4,3,3,1,1,4,6,18,18,18
246,0,1,17,1,0,1,2,3,2,2,0,0,2,1,0,0,0,0,0,1,1,1,0,5,2,2,1,1,2,4,12,12,13
247,0,1,22,1,0,1,3,1,3,3,2,1,1,1,3,0,0,0,0,0,0,1,1,5,4,5,5,5,1,16,6,8,8
248,0,1,18,0,1,1,3,3,2,3,0,1,1,2,1,0,1,0,0,1,1,1,1,4,3,3,1,3,5,8,3,5,5
249,0,1,16,1,0,1,0,2,2,2,2,1,1,1,0,0,0,1,0,0,1,1,0,4,3,2,2,4,5,0,13,15,15
250,0,1,18,1,0,1,3,2,3,2,0,1,2,1,1,0,0,0,0,1,0,1,0,4,4,5,2,4,5,0,6,8,8
251,0,1,16,1,0,1,3,3,0,2,3,2,3,2,0,1,1,0,0,0,1,1,0,5,3,3,1,3,2,6,7,10,10
252,0,1,18,1,0,1,2,1,3,3,2,1,1,1,1,0,0,0,0,0,0,1,0,3,2,5,2,5,5,4,6,9,8
253,0,1,16,0,0,1,2,1,2,2,0,1,2,1,0,0,0,0,1,0,1,0,0,3,3,2,1,3,3,0,8,9,8
254,0,1,17,0,0,1,2,1,2,2,0,1,1,1,0,0,0,0,0,0,1,1,0,4,4,2,2,4,5,0,8,12,12
255,0,1,17,1,1,1,1,1,1,2,0,1,2,1,1,0,1,0,1,1,1,1,0,4,4,4,1,2,5,2,7,9,8
256,0,0,17,1,1,1,4,2,4,3,3,1,1,4,0,0,1,1,1,1,1,1,0,4,2,3,1,1,4,6,14,12,13
257,0,1,19,1,1,0,4,3,3,0,3,1,1,2,0,0,1,0,0,1,1,1,0,4,3,1,1,1,1,12,11,11,11
258,0,1,18,1,0,1,2,1,2,2,1,1,1,2,0,0,0,0,1,1,1,1,0,5,2,4,1,2,4,8,15,14,14
259,0,0,17,1,1,1,2,2,3,3,0,0,1,4,0,0,0,1,1,1,1,1,1,3,4,1,1,1,2,0,10,9,8
260,0,0,18,1,0,1,4,3,3,2,1,0,1,2,0,0,1,1,0,1,1,1,1,3,1,2,1,3,2,21,17,18,18
261,0,1,18,1,0,1,4,3,4,2,0,1,1,2,0,0,1,1,0,0,1,1,0,4,3,2,1,1,3,2,8,8,8
262,0,1,18,0,0,1,3,2,2,2,0,1,1,3,0,0,0,0,1,0,1,0,0,5,3,2,1,1,3,1,13,12,12
263,0,0,17,1,0,1,3,3,2,2,1,1,1,3,0,0,0,0,1,0,1,0,0,3,2,3,1,1,4,4,10,9,9
264,0,0,18,1,0,1,2,2,0,3,1,1,1,3,0,0,1,1,1,1,1,1,1,4,3,3,1,1,3,0,9,10,10
265,0,1,18,0,1,0,3,4,2,2,3,1,2,2,0,0,1,1,1,1,1,1,0,4,2,5,3,4,1,13,17,17,17
266,0,1,17,1,0,1,3,1,3,2,2,1,1,2,0,0,0,1,1,1,1,1,1,5,4,4,3,4,5,2,9,9,10
267,0,0,18,0,0,1,4,4,4,2,3,1,2,2,0,0,0,1,1,1,1,1,0,4,3,4,2,2,4,8,12,10,11
268,0,1,18,1,0,1,4,2,1,2,3,0,1,2,0,0,1,1,1,1,1,1,1,5,4,5,1,3,5,10,10,9,10
269,0,0,18,0,0,1,2,1,2,2,3,1,2,2,0,0,1,0,0,1,0,1,1,4,3,5,1,2,3,0,6,10,10
270,0,0,19,1,0,1,3,3,2,3,1,2,1,2,2,0,1,1,1,1,1,1,0,4,3,5,3,3,5,15,9,9,9
271,0,0,18,1,0,1,2,3,2,3,3,0,1,4,0,0,1,1,1,1,1,1,1,4,5,5,1,3,2,4,15,14,14
272,0,0,18,1,1,1,1,1,2,2,1,1,2,2,0,0,1,1,0,0,1,0,0,4,4,3,1,1,3,2,11,11,11
273,0,1,17,0,0,1,1,2,0,0,1,1,1,2,0,0,1,1,1,0,1,0,1,3,5,2,2,2,1,2,15,14,14
274,0,0,17,1,0,1,2,4,0,1,3,1,2,2,0,0,1,1,0,1,1,1,1,4,3,3,1,1,1,2,10,10,10
275,0,0,17,1,1,1,2,2,3,2,0,1,2,2,0,1,1,1,0,1,1,1,1,4,4,4,2,3,5,6,12,12,12
276,0,0,18,0,0,0,3,2,2,3,1,1,2,2,0,0,0,0,0,0,0,1,1,4,1,1,1,1,5,75,10,9,9
277,0,1,18,1,0,1,4,4,4,3,1,1,2,1,0,0,0,1,1,1,1,1,0,3,2,4,1,4,3,22,9,9,9
278,0,0,18,1,0,1,4,4,1,1,3,0,1,2,1,1,1,0,1,1,1,1,1,2,4,4,1,1,4,15,9,8,8
279,0,1,18,1,1,1,4,3,4,3,0,1,2,1,0,0,0,1,1,1,1,1,0,4,2,3,1,2,1,8,10,11,10
280,0,1,17,1,1,0,4,1,3,2,1,1,2,1,0,0,0,1,1,1,1,1,1,4,5,4,2,4,5,30,8,8,8
281,0,1,17,1,1,0,3,2,4,3,1,1,1,1,1,0,0,0,0,1,1,1,0,4,4,4,3,4,3,19,11,9,10
282,0,0,18,0,1,1,1,1,0,2,3,1,2,4,0,0,1,1,1,1,1,0,0,5,2,2,1,1,3,1,12,12,12
283,0,0,18,1,0,1,1,1,2,2,1,1,2,2,0,1,0,0,1,1,1,1,0,5,4,4,1,1,4,4,8,9,10
284,0,0,17,1,0,1,2,2,2,2,0,1,1,2,0,0,1,0,0,0,1,1,0,5,4,5,1,2,5,4,10,9,11
285,0,1,17,1,0,1,1,1,2,2,3,0,1,2,0,0,0,1,0,0,1,1,0,4,3,3,1,2,4,2,12,10,11
286,0,0,18,1,0,1,2,2,0,0,2,1,1,3,0,0,1,1,0,1,1,1,0,4,3,3,1,2,2,5,18,18,19
287,0,0,17,1,0,1,1,1,3,4,3,1,1,3,0,0,1,1,0,1,1,1,0,4,3,3,1,1,3,6,13,12,12
288,0,1,18,1,0,1,2,1,3,3,3,1,1,3,0,0,0,1,1,1,1,1,0,4,2,4,1,3,2,6,15,14,14
289,0,1,18,1,1,0,4,4,4,4,3,1,1,2,0,0,1,1,1,1,1,1,0,5,4,3,1,1,2,9,15,13,15
290,0,1,18,1,0,1,4,2,4,2,1,1,1,2,0,0,1,1,1,1,1,1,1,4,3,2,1,4,5,11,12,11,11
291,0,0,17,1,0,1,4,3,1,3,3,1,1,3,0,0,1,1,0,1,1,1,0,4,2,2,1,2,3,0,15,15,15
292,0,0,18,1,1,1,2,1,3,0,3,1,1,2,1,0,0,0,0,1,1,1,1,5,4,3,1,1,5,12,12,12,13
293,0,0,17,0,1,1,3,1,3,2,3,1,2,4,0,0,1,1,0,1,1,0,0,3,1,2,1,1,3,6,18,18,18
294,0,1,18,0,1,1,3,2,3,2,3,1,2,3,0,0,1,1,1,1,1,1,0,5,4,2,1,1,4,8,14,13,14
295,0,1,17,1,0,1,3,3,1,2,1,1,1,1,0,0,1,1,0,1,1,1,0,4,4,3,1,3,5,4,14,12,11
296,0,0,19,1,0,1,4,4,1,2,3,2,2,2,0,0,1,1,1,1,1,1,0,2,3,4,2,3,2,0,10,9,8
297,0,0,18,1,1,1,4,3,2,2,1,2,2,2,0,0,1,1,0,1,1,1,1,4,4,5,1,2,2,10,10,8,8
298,0,0,18,1,0,1,4,3,2,2,3,0,1,4,0,0,1,1,0,1,1,1,0,4,3,3,1,1,3,0,14,13,14
299,0,1,18,1,1,1,4,4,4,4,1,1,1,1,0,0,1,1,0,1,1,1,1,1,4,2,2,2,1,5,16,15,16
300,0,0,18,1,1,0,4,4,1,2,1,1,1,2,0,0,1,0,0,1,1,1,1,4,2,4,1,1,4,14,12,10,11
301,0,1,17,1,1,1,4,4,2,4,1,0,2,1,0,0,0,1,0,1,1,1,0,4,1,1,2,2,5,0,11,11,10
302,0,0,17,1,0,1,4,2,2,2,3,1,2,3,0,0,1,1,0,1,1,1,0,4,3,3,1,1,3,0,15,12,14
303,0,0,17,1,0,1,3,2,1,1,3,0,1,4,0,0,1,1,1,0,1,1,0,5,2,2,1,2,5,0,17,17,18
304,0,1,19,1,0,1,3,3,2,2,1,2,1,2,1,0,1,0,1,1,1,1,1,4,4,4,1,1,3,20,15,14,13
305,0,0,18,1,0,1,2,4,3,0,3,2,1,2,1,0,1,1,1,1,1,1,0,4,4,3,1,1,3,8,14,12,12
306,0,1,20,1,0,0,3,2,3,2,0,2,1,1,0,0,0,0,1,1,1,0,0,5,5,3,1,1,5,0,17,18,18
307,0,1,19,1,0,1,4,4,4,3,3,2,2,1,1,0,1,1,0,1,1,1,1,4,3,4,1,1,4,38,8,9,8
308,0,1,19,0,0,1,3,3,2,3,3,0,1,2,1,0,0,0,1,1,1,0,1,4,5,3,1,2,5,0,15,12,12
309,0,0,19,1,1,1,1,1,0,2,3,2,1,2,1,1,1,0,1,0,1,1,0,4,4,3,1,3,3,18,12,10,10
310,0,0,19,1,1,1,1,2,3,3,1,2,1,2,1,0,0,0,1,0,1,0,1,4,2,4,2,2,3,0,9,9,8
311,0,0,19,1,0,1,2,1,0,2,2,2,3,2,0,0,1,0,0,1,0,1,1,3,4,1,1,1,2,20,14,12,13
312,0,1,19,1,0,1,1,2,2,3,0,2,1,2,1,0,0,0,0,0,1,1,0,4,5,2,2,2,4,3,13,11,11
313,0,0,19,1,1,1,3,2,3,2,3,2,2,2,1,0,1,1,0,0,1,1,1,4,2,2,1,2,1,22,13,10,11
314,0,0,19,1,0,1,1,1,0,1,1,2,1,3,2,0,0,0,0,0,1,1,1,4,1,2,1,1,3,14,15,13,13
315,0,0,19,0,0,1,2,3,2,2,3,2,1,3,1,0,0,0,0,1,1,1,1,4,1,2,1,1,3,40,13,11,11
316,0,0,18,1,0,1,2,1,3,2,0,1,2,2,0,0,1,1,1,1,1,1,0,5,3,3,1,2,1,0,8,8,10
317,0,0,18,1,0,1,4,3,2,2,0,1,1,3,0,0,1,1,1,1,1,1,1,4,3,4,1,1,5,9,9,10,9
318,0,0,17,0,0,1,3,4,0,3,0,0,1,3,0,0,1,1,1,0,1,1,0,4,3,4,2,5,5,0,11,11,10
319,0,0,18,1,0,1,4,4,4,2,0,1,1,2,0,0,1,1,0,1,1,1,0,4,4,4,3,3,5,2,11,11,11
320,0,0,17,1,0,0,4,3,3,3,0,1,1,2,0,0,1,1,0,1,1,1,1,5,2,2,1,2,5,23,13,13,13
321,0,0,17,1,0,1,2,2,2,2,0,1,1,2,0,0,1,0,0,1,1,0,1,4,2,2,1,1,3,12,11,9,9
322,0,0,17,0,1,1,2,2,3,3,0,1,1,3,0,0,1,1,1,1,1,1,0,3,3,2,2,2,3,3,11,11,11
323,0,0,17,1,0,1,3,1,3,3,0,0,1,3,0,0,1,0,0,0,1,1,0,3,4,3,2,3,5,1,12,14,15
324,0,0,17,1,1,1,0,2,0,0,1,0,2,3,0,0,0,0,0,1,1,1,0,3,3,3,2,3,2,0,16,15,15
325,0,1,18,1,0,1,4,4,2,2,0,1,1,3,0,0,0,0,1,1,1,1,0,4,3,3,2,2,3,3,9,12,11
326,0,1,17,1,0,1,3,3,2,3,3,1,1,1,0,0,0,0,1,0,1,1,0,4,3,5,3,5,5,3,14,15,16
327,0,1,17,0,0,1,2,2,3,2,0,1,4,1,0,0,1,0,0,1,1,1,0,4,4,5,5,5,4,8,11,10,10
328,0,0,17,1,0,1,4,4,4,3,0,1,1,3,0,0,1,1,1,1,1,1,0,5,4,4,1,3,4,7,10,9,9
329,0,0,17,1,0,1,4,4,4,4,0,1,2,3,0,0,1,1,0,0,1,1,1,4,3,3,1,2,4,4,14,14,14
330,0,1,18,1,1,1,2,2,2,2,0,1,1,4,0,0,1,0,1,1,1,1,0,4,5,5,2,4,5,2,9,8,8
331,0,0,17,0,0,1,2,4,0,2,0,0,1,3,0,0,1,0,0,1,1,1,1,4,4,3,1,1,5,7,12,14,14
332,0,0,18,1,0,1,3,3,3,3,1,1,1,2,0,0,0,0,1,1,1,1,0,5,3,4,1,1,4,0,7,8,10
333,0,0,18,1,1,1,2,2,2,2,1,2,1,2,0,0,0,0,1,0,1,1,1,4,3,3,1,1,2,0,8,8,10
334,0,0,18,0,0,1,2,2,0,2,0,1,2,4,0,0,0,0,1,1,1,0,0,4,4,4,1,1,4,0,10,9,8
335,0,0,17,1,0,1,3,4,3,2,0,1,1,3,0,0,0,0,0,1,1,1,0,4,4,5,1,3,5,16,16,15,15
336,0,0,19,0,0,0,3,1,3,0,1,2,1,3,1,0,0,1,0,1,1,0,0,5,4,3,1,2,5,12,14,13,13
337,0,0,17,1,0,1,3,2,2,2,1,1,1,2,0,0,1,1,0,1,1,1,1,4,3,2,2,3,2,0,7,8,10
338,0,0,18,1,1,1,3,3,3,3,1,1,1,4,0,0,1,0,0,1,1,1,0,5,3,3,1,1,1,7,16,15,17
339,0,0,17,0,0,0,3,2,2,2,1,1,1,2,0,0,1,1,0,1,1,1,0,4,3,3,2,3,2,4,9,10,10
340,0,0,19,1,0,1,2,1,3,3,1,2,1,3,1,0,0,1,1,1,1,1,1,4,3,4,1,3,3,4,11,12,11
341,0,1,18,1,0,1,4,4,4,3,1,0,1,2,1,0,1,0,1,1,1,1,0,4,3,3,2,2,2,0,10,10,10
342,0,1,18,1,1,1,3,4,3,2,1,1,1,2,0,0,0,0,1,1,1,1,1,4,3,3,1,3,5,11,16,15,15
343,0,0,17,1,0,0,2,2,0,0,1,0,1,2,1,0,1,0,0,1,1,1,1,3,3,1,1,2,4,0,9,8,10
344,0,0,18,1,0,1,2,3,0,2,0,1,1,3,0,0,1,0,0,1,1,1,0,4,3,3,1,2,3,4,11,10,10
345,0,0,18,1,0,1,3,2,2,3,2,1,1,3,0,0,0,0,0,1,1,1,1,5,4,3,2,3,1,7,13,13,14
346,0,1,18,0,0,1,4,3,4,3,0,1,1,3,0,0,0,0,0,1,1,1,1,5,3,2,1,2,4,9,16,15,16
347,0,1,18,1,0,1,4,3,4,2,0,1,1,3,0,0,1,1,0,1,1,1,1,5,4,5,2,3,5,0,10,10,9
348,0,0,17,1,0,1,4,3,1,2,3,1,1,3,0,0,1,1,1,1,1,1,1,4,4,3,1,3,4,0,13,15,15
349,2,1,18,0,0,1,3,2,2,2,0,1,2,1,1,0,1,0,0,0,1,1,0,2,5,5,5,5,5,10,11,13,13
350,2,1,19,0,0,1,1,1,2,3,1,2,3,2,3,0,0,0,0,1,1,1,0,5,4,4,3,3,2,8,8,7,8
351,2,1,17,1,0,1,3,3,1,2,0,1,2,2,0,0,1,1,0,1,1,1,0,4,5,4,2,3,3,2,13,13,13
352,2,1,18,1,1,1,1,3,0,3,0,1,1,1,1,0,0,0,0,1,0,1,1,4,3,3,2,3,3,7,8,7,8
353,2,1,19,0,0,1,1,1,2,2,1,2,3,1,1,0,1,0,0,1,1,1,0,4,4,4,3,3,5,4,8,8,8
354,2,1,17,0,0,1,4,3,3,2,1,1,2,2,0,0,1,1,1,0,1,1,1,4,5,5,1,3,2,4,13,11,11
355,2,0,18,1,0,1,3,3,3,3,0,0,1,2,0,0,1,0,0,1,1,0,1,5,3,4,1,1,5,0,10,9,9
356,2,0,17,0,0,1,4,4,4,3,2,0,2,2,0,0,1,1,1,1,1,1,0,4,3,3,1,2,5,4,12,13,13
357,2,0,17,1,1,0,3,2,3,2,3,1,2,2,0,0,0,0,0,1,1,0,1,1,2,3,1,2,5,2,12,12,11
358,2,1,18,1,1,1,1,1,2,3,1,0,2,1,0,0,0,0,0,0,1,1,1,3,3,2,1,2,3,4,10,10,10
359,2,0,18,1,1,1,1,1,0,3,0,0,2,3,0,0,0,0,0,1,1,1,0,5,3,2,1,1,4,0,18,16,16
360,2,0,18,0,1,0,1,4,0,2,0,1,3,2,0,0,0,0,0,1,1,0,1,4,3,4,1,4,5,0,13,13,13
361,2,1,18,0,1,1,1,1,0,2,2,1,2,2,1,0,0,0,1,0,0,0,0,4,4,3,2,3,5,2,13,12,12
362,2,0,18,1,0,1,3,3,3,3,2,1,2,2,0,0,1,0,0,1,1,1,1,4,3,2,1,3,3,0,11,11,10
363,2,0,17,1,1,1,4,4,0,0,0,1,1,2,0,0,1,1,1,1,1,1,1,2,3,4,1,1,1,0,16,15,15
364,2,0,17,0,0,1,1,2,2,3,0,0,2,2,0,0,0,0,0,0,1,0,0,3,2,2,1,2,3,0,12,11,12
365,2,1,18,0,0,1,1,3,0,2,0,1,2,2,0,0,1,1,0,1,1,0,0,3,3,4,2,4,3,4,10,10,10
366,2,1,18,1,1,1,4,4,4,3,2,1,2,3,0,0,0,1,0,1,1,1,1,4,2,2,2,2,5,0,13,13,13
367,2,0,17,0,0,1,1,1,2,3,3,1,3,1,1,0,1,1,0,1,1,1,1,5,2,1,1,2,1,0,7,6,6
368,2,0,18,1,0,1,2,3,0,3,0,0,2,1,0,0,1,1,0,1,1,1,1,5,2,3,1,2,4,0,11,10,10
369,2,0,18,0,0,1,4,4,2,4,2,0,3,2,0,0,1,1,0,0,1,1,1,3,2,2,4,2,5,10,14,12,11
370,2,0,19,1,1,1,3,2,3,3,1,2,2,2,2,0,0,0,1,1,1,0,1,3,2,2,1,1,3,4,7,7,9
371,2,1,18,0,1,1,1,2,0,3,2,0,3,1,0,0,1,1,1,1,0,1,1,4,3,3,2,3,3,3,14,12,12
372,2,0,17,1,0,1,2,2,2,0,1,1,1,3,0,0,0,0,1,1,1,0,1,3,4,3,1,1,3,8,13,11,11
373,2,0,17,0,0,1,1,2,2,2,0,1,1,1,0,0,0,0,1,1,1,1,0,3,5,5,1,3,1,14,6,5,5
374,2,0,18,0,1,1,4,4,2,2,3,1,2,3,0,0,0,0,0,1,1,1,0,5,4,4,1,1,1,0,19,18,19
375,2,0,18,0,0,1,1,1,2,2,1,1,4,3,0,0,0,0,0,1,1,1,0,4,3,2,1,2,4,2,8,8,10
376,2,0,20,1,0,1,4,2,1,2,0,2,2,3,2,0,1,1,0,0,1,1,1,5,4,3,1,1,3,4,15,14,15
377,2,0,18,0,1,1,4,4,4,3,0,1,1,2,0,0,0,1,1,1,1,1,0,5,4,3,3,4,2,4,8,9,10
378,2,0,18,1,0,1,3,3,2,2,1,1,1,2,0,0,0,1,0,1,1,1,1,4,1,3,1,2,1,0,15,15,15
379,2,0,17,0,0,1,3,1,0,2,3,1,1,2,0,0,1,1,1,0,1,1,0,4,5,4,2,3,1,17,10,10,10
380,2,1,18,1,0,1,4,4,4,4,1,0,1,2,0,0,0,1,1,0,1,1,0,3,2,4,1,4,2,4,15,14,14
381,2,1,18,0,0,1,2,1,2,2,2,1,2,1,0,0,0,0,1,0,1,1,1,4,4,3,1,3,5,5,7,6,7
382,2,1,17,1,0,1,2,3,2,3,1,0,2,2,0,0,0,0,1,1,1,1,0,4,4,3,1,1,3,2,11,11,10
383,2,1,19,0,0,1,1,1,2,3,2,1,2,1,1,0,0,0,0,1,1,0,0,4,3,2,1,3,5,0,6,5,6
384,2,1,18,0,0,1,4,2,2,2,1,0,2,1,1,0,0,1,0,1,1,0,0,5,4,3,4,3,3,14,6,5,5
385,2,0,18,0,0,1,2,2,0,2,2,1,2,3,0,0,0,1,0,1,1,0,0,5,3,3,1,3,4,2,10,9,10
386,2,0,18,0,0,1,4,4,4,0,3,1,3,1,0,0,1,1,1,1,1,1,1,4,4,3,2,2,5,7,6,5,6
387,2,0,19,0,0,1,2,3,3,2,0,1,1,3,1,0,0,0,1,0,1,1,0,5,4,2,1,2,5,0,7,5,6
388,2,0,18,1,1,1,3,1,4,3,0,1,1,2,0,0,1,1,0,1,1,1,0,4,3,4,1,1,1,0,7,9,8
389,2,0,18,1,0,1,1,1,2,2,0,1,2,2,1,0,0,0,1,1,1,0,0,1,1,1,1,1,5,0,6,5,6
390,2,1,20,1,1,0,2,2,3,3,0,2,1,2,2,0,1,1,0,1,1,0,0,5,5,4,4,5,4,11,9,9,9
391,2,1,17,1,1,1,3,1,3,3,0,1,2,1,0,0,0,0,0,0,1,1,0,2,4,5,3,4,2,3,14,16,16
392,2,1,21,0,0,1,1,1,2,2,0,2,1,1,3,0,0,0,0,0,1,0,0,5,5,3,3,3,3,3,10,8,7
393,2,1,18,0,1,1,3,2,3,2,0,1,3,1,0,0,0,0,0,0,1,1,0,4,4,1,3,4,5,0,11,12,10
394,2,1,19,1,1,1,1,1,2,0,0,0,1,1,0,0,0,0,0,1,1,1,0,3,2,3,3,3,5,5,8,9,9
396,1,0,17,1,0,1,1,1,0,2,0,0,1,2,0,0,1,0,0,0,1,1,0,5,3,3,1,1,3,2,9,11,11
397,1,0,15,1,1,1,1,1,0,2,2,1,1,2,0,1,0,0,0,1,1,1,0,4,3,2,2,3,3,6,12,13,12
398,1,0,15,1,0,1,4,2,1,3,1,1,1,3,0,0,1,0,1,1,1,1,1,3,2,2,1,1,5,0,14,14,14
399,1,0,16,1,0,1,3,3,2,2,1,0,1,2,0,0,1,0,0,1,1,0,0,4,3,2,1,2,5,0,11,13,13
400,1,1,16,1,1,1,4,3,3,2,3,1,1,2,0,0,1,0,1,1,1,1,0,5,4,2,1,2,5,6,12,12,13
401,1,1,16,1,1,1,2,2,2,2,1,1,1,2,0,0,0,0,0,1,1,1,0,4,4,4,1,1,3,0,13,12,13
402,1,0,17,1,0,0,4,4,2,4,1,1,2,2,0,1,1,0,0,1,1,0,0,4,1,4,1,1,1,2,10,13,13
403,1,1,15,1,1,0,3,2,3,2,1,1,1,2,0,0,1,0,0,1,1,1,0,4,2,2,1,1,1,0,15,16,17
404,1,1,15,1,0,1,3,4,2,2,1,1,1,2,0,0,1,0,1,1,1,1,0,5,5,1,1,1,5,0,12,12,13
405,1,0,15,1,0,1,4,4,4,1,3,1,1,2,0,0,1,0,0,1,1,1,0,3,3,3,1,2,2,2,14,14,14
406,1,0,15,1,0,1,2,1,3,2,3,0,3,3,0,0,1,0,1,1,1,1,0,5,2,2,1,1,4,0,10,12,13
407,1,1,15,1,1,1,4,4,1,3,0,0,1,1,0,0,1,0,1,1,1,1,0,4,3,3,1,3,5,0,12,13,12
408,1,1,15,1,0,1,4,3,4,2,0,1,2,2,0,0,1,0,0,1,1,1,0,5,4,3,1,2,3,0,12,12,13
409,1,1,15,1,0,0,2,2,2,2,1,2,1,3,0,0,1,0,0,1,1,1,1,4,5,2,1,1,3,0,14,14,15
410,1,0,16,1,0,1,4,4,1,2,1,1,1,1,0,0,1,0,0,1,1,1,0,4,4,4,1,2,2,6,17,17,17
411,1,0,16,1,0,1,4,4,3,3,3,1,1,3,0,0,1,0,1,1,1,1,0,3,2,3,1,2,2,10,13,13,14
412,1,0,16,1,0,1,3,3,2,2,3,1,3,2,0,1,1,0,1,1,1,0,0,5,3,2,1,1,4,2,13,14,14
413,1,1,17,1,0,1,3,2,3,3,0,1,1,1,3,0,1,1,1,1,1,1,0,5,5,5,2,4,5,2,8,8,7
414,1,1,16,1,1,1,4,3,1,2,1,0,1,1,0,0,0,0,1,1,1,1,0,3,1,3,1,3,5,6,12,12,12
415,1,1,15,1,0,1,4,3,4,2,3,1,1,2,0,0,0,0,0,1,1,1,0,4,4,1,1,1,1,0,12,13,14
416,1,1,15,1,0,1,4,4,1,1,2,0,1,1,0,0,1,1,0,1,1,1,0,5,4,2,1,1,5,0,11,12,12
417,1,1,16,1,1,1,4,2,4,2,0,1,1,2,0,0,0,0,1,1,1,1,0,4,5,1,1,3,5,0,12,13,14
418,1,1,16,1,1,1,2,2,2,2,3,1,2,2,0,0,1,0,1,1,1,1,0,5,4,4,2,4,5,2,10,10,10
419,1,0,15,0,0,1,2,4,3,1,0,1,1,3,0,1,1,0,1,1,1,1,0,4,3,2,1,1,5,2,10,11,10
420,1,0,16,1,0,1,2,2,3,3,1,1,1,1,0,0,1,0,0,0,1,1,0,1,2,2,1,3,5,6,10,11,12
421,1,1,15,1,0,1,2,2,2,2,1,1,1,1,0,0,1,0,0,1,1,1,0,4,2,2,1,2,5,8,11,12,12
422,1,1,15,1,0,1,4,2,1,3,2,1,1,1,0,0,0,0,0,1,1,1,0,2,2,4,2,4,1,0,11,11,11
423,1,1,16,1,1,0,3,4,3,2,1,1,1,2,0,1,1,1,1,1,1,1,0,5,3,3,1,1,5,2,12,12,13
424,1,1,16,1,0,1,4,4,4,4,1,1,1,2,0,0,1,1,1,1,1,1,1,4,4,5,5,5,5,4,12,11,12
425,1,1,15,1,0,1,4,4,1,3,1,1,1,2,0,0,1,1,0,0,1,1,0,5,4,2,3,4,5,0,10,11,11
426,1,1,15,1,0,1,4,4,3,3,3,1,2,2,0,0,1,0,1,1,1,1,0,4,3,1,1,1,5,2,15,15,15
427,1,1,15,0,0,1,4,3,4,0,0,1,1,2,0,0,1,0,1,1,1,1,1,4,5,2,1,1,5,0,13,14,15
428,1,1,15,1,1,1,3,3,2,2,0,1,1,2,0,0,0,0,1,0,1,1,0,5,3,2,1,1,2,0,13,12,12
429,1,1,16,1,0,1,3,2,2,2,1,1,1,1,0,0,1,0,0,0,1,1,0,5,4,3,1,1,5,4,12,12,12
430,1,0,15,1,0,1,2,3,2,2,2,0,2,1,0,0,1,0,1,1,1,0,0,3,5,1,1,1,5,4,11,11,11
431,1,1,15,1,1,1,4,3,4,3,1,1,1,3,0,0,1,0,1,1,1,1,0,5,4,3,1,1,4,0,14,14,14
432,1,1,16,0,0,0,4,4,2,4,3,1,2,3,0,0,1,0,1,1,1,1,1,2,4,3,1,1,5,4,13,13,13
433,1,0,15,0,0,1,3,4,3,1,0,1,1,3,0,1,1,0,1,1,1,1,0,4,3,2,1,1,5,2,11,12,12
434,1,0,15,0,0,1,2,2,0,2,3,1,1,1,0,1,1,0,1,1,1,0,0,4,3,1,1,1,2,8,14,13,12
435,1,0,16,1,1,1,2,2,2,2,1,1,2,2,0,0,1,0,1,0,1,1,1,3,3,3,1,2,3,16,11,11,10
436,1,1,15,1,1,1,4,4,4,2,1,2,1,1,0,0,1,0,0,0,1,1,1,5,4,3,2,4,5,8,10,11,11
437,1,1,15,1,0,1,4,4,3,4,0,0,1,2,0,0,1,0,1,1,1,1,0,4,3,3,1,1,5,0,14,15,15
438,1,1,15,1,0,1,2,2,3,3,0,0,1,1,0,1,1,0,0,1,1,1,0,5,4,1,1,1,1,0,9,10,10
439,1,0,16,1,1,1,2,2,2,0,0,0,2,2,1,1,0,0,1,1,1,1,0,4,3,3,2,2,5,14,10,11,11
440,1,0,15,1,1,0,4,3,2,2,0,1,1,2,0,1,1,1,1,1,1,1,1,5,2,2,1,1,5,4,10,11,11
441,1,0,16,1,1,0,3,3,2,3,1,1,1,2,0,0,1,0,0,1,1,1,0,2,3,5,1,4,3,6,13,12,13
442,1,1,16,1,0,1,4,3,1,3,3,1,1,4,0,0,0,0,1,1,1,1,0,4,2,2,1,1,2,2,17,17,17
443,1,1,15,1,0,1,4,2,4,2,1,1,1,2,0,0,1,0,0,1,1,0,0,4,3,3,2,2,5,4,11,12,13
444,1,0,15,1,0,1,4,4,3,4,2,0,1,2,0,1,1,0,1,0,1,1,0,4,4,4,1,1,3,2,13,12,12
445,1,0,16,1,1,1,2,2,3,3,0,1,3,2,0,0,1,0,0,1,1,1,0,4,3,3,2,3,4,0,14,13,13
446,1,0,15,1,1,1,4,2,1,2,2,1,1,2,0,0,1,0,0,1,1,1,0,4,3,3,1,1,5,0,16,14,16
447,1,1,15,1,1,0,4,2,1,1,2,0,2,1,0,0,0,0,0,1,1,0,0,5,5,5,3,4,5,4,10,9,9
448,1,0,15,1,0,1,4,4,3,3,0,1,1,1,0,1,1,0,0,1,1,1,0,3,3,4,2,3,5,0,13,12,12
449,1,0,15,1,1,0,3,3,2,2,2,1,1,1,0,0,0,0,0,1,1,1,0,5,3,4,4,4,1,0,13,12,13
450,1,0,16,1,0,0,2,1,2,2,2,1,1,2,0,0,0,0,1,1,1,1,1,5,3,4,1,1,2,2,12,13,12
451,1,0,15,1,0,0,4,3,3,3,3,1,1,2,0,0,1,0,1,1,1,1,0,4,3,2,1,1,1,0,15,14,15
452,1,1,15,1,0,1,4,4,4,1,3,1,1,2,0,0,1,0,1,1,1,0,0,3,2,2,1,1,5,8,15,15,16
453,1,1,15,1,1,1,1,2,2,0,1,0,1,2,0,1,1,0,1,1,1,1,0,4,3,2,1,1,5,0,14,13,14
454,1,0,16,1,0,1,4,2,3,2,0,1,1,2,0,0,1,1,0,1,1,1,0,4,2,3,1,1,5,2,16,15,16
455,1,0,16,0,0,1,4,4,1,4,2,1,1,2,0,0,1,0,1,1,1,0,0,2,4,4,2,3,4,0,17,16,16
456,1,0,16,1,0,1,1,1,3,3,0,0,4,1,0,1,1,0,1,0,1,1,1,5,5,5,5,5,5,0,10,10,16
457,1,0,16,1,1,1,1,2,2,3,3,0,1,2,0,1,0,0,1,1,1,1,0,4,4,3,1,1,1,0,13,13,10
458,1,0,16,1,0,1,4,3,4,1,1,1,1,3,0,1,1,0,1,1,1,1,0,3,4,4,2,4,4,0,14,13,13
459,1,0,15,1,1,1,4,3,3,3,3,0,1,2,0,1,0,0,1,1,1,1,1,4,4,4,2,4,2,0,13,12,12
460,1,0,16,1,1,1,4,3,4,3,0,1,3,2,0,0,1,0,1,1,1,1,0,5,4,3,1,2,1,2,16,15,16
461,1,1,15,1,0,0,4,4,2,3,3,1,1,4,0,0,1,0,1,0,1,1,1,1,3,3,5,5,3,0,11,12,12
462,1,0,16,1,0,1,3,1,3,2,0,1,1,4,0,1,1,0,0,1,1,1,0,4,3,3,1,2,5,0,10,9,10
463,1,0,15,0,1,1,2,2,1,3,3,1,2,2,0,1,1,0,0,1,1,1,0,4,1,3,1,3,4,0,11,10,11
464,1,0,15,0,1,1,3,1,2,2,3,0,2,4,0,0,1,0,0,0,1,1,0,4,4,2,2,3,3,6,15,15,15
465,1,1,16,1,0,1,3,1,2,2,3,0,2,4,0,0,1,0,0,1,1,1,0,4,3,2,1,1,5,2,13,11,11
466,1,1,15,1,0,1,4,2,2,2,0,1,1,4,0,0,0,0,0,1,1,1,0,3,3,3,1,1,3,0,11,9,10
467,1,0,15,0,0,1,1,1,2,2,3,1,1,2,0,1,1,0,0,0,1,1,1,3,3,4,2,4,5,2,13,11,11
468,1,1,16,1,0,1,3,1,2,2,3,1,1,1,0,0,0,0,1,1,1,0,0,5,3,2,2,2,5,0,13,13,14
469,1,0,16,1,0,1,3,3,2,3,1,1,1,2,0,1,1,0,1,1,1,1,0,4,3,3,2,4,5,4,11,11,11
470,1,1,15,1,0,1,4,3,4,2,1,1,1,2,0,0,1,0,1,1,1,1,0,4,3,3,2,3,5,0,11,11,11
471,1,1,15,1,0,1,4,0,4,2,0,1,2,4,0,0,0,0,1,1,1,1,0,3,4,3,1,1,1,0,12,11,11
472,1,0,16,1,0,1,2,2,2,2,3,1,1,4,0,0,0,0,0,1,1,1,1,5,2,3,1,3,3,1,13,13,13
473,1,1,17,1,0,1,2,1,2,2,1,1,2,1,3,1,1,0,1,1,0,1,0,4,5,1,1,1,3,0,9,9,10
474,1,0,16,1,0,1,3,4,0,2,0,1,1,2,0,0,1,0,0,1,1,1,0,2,4,3,1,2,3,14,12,11,11
475,1,1,15,1,0,1,2,3,2,3,0,0,1,1,0,1,1,0,1,0,1,1,1,3,2,2,1,3,3,0,11,11,12
476,1,1,15,1,0,1,2,3,2,2,1,1,1,3,0,1,0,0,0,0,1,1,0,5,3,2,1,2,5,2,10,9,9
477,1,0,15,1,1,1,3,2,3,2,3,1,1,2,0,0,1,0,0,1,1,1,0,4,4,4,1,1,5,4,12,11,11
478,1,1,15,1,1,1,2,2,3,3,1,1,2,2,0,0,0,1,1,1,1,1,0,5,3,3,1,3,4,2,13,12,13
479,1,0,15,1,0,1,1,1,2,2,1,0,1,2,0,0,1,0,1,0,1,1,0,4,3,2,2,3,4,2,13,12,12
480,1,0,15,1,0,1,4,4,3,3,3,0,2,2,0,0,0,0,0,1,1,1,1,4,4,4,2,3,5,4,12,11,12
481,1,0,16,1,1,1,2,2,0,2,0,1,1,2,0,0,1,0,0,1,1,0,0,4,3,4,1,2,2,6,13,11,11
482,1,0,15,1,0,1,4,2,2,2,3,1,1,3,0,0,1,0,1,1,1,1,0,5,3,3,1,3,1,4,15,15,15
483,1,1,16,1,0,1,2,2,3,2,3,0,2,2,0,0,0,0,1,0,1,1,0,4,4,2,1,1,3,6,12,10,11
484,1,1,16,1,1,0,4,4,4,1,3,1,1,2,0,0,1,0,0,1,1,0,0,4,1,3,3,5,5,6,9,9,10
485,1,0,16,1,0,1,3,3,2,2,1,1,1,3,0,0,1,0,0,1,1,1,1,4,3,3,1,3,4,2,9,11,11
486,1,0,15,1,0,1,4,3,3,2,3,1,1,1,0,0,0,0,1,1,1,1,0,4,5,5,1,3,1,6,14,13,13
487,1,0,16,1,1,1,3,1,2,2,1,0,1,2,0,1,1,0,0,1,1,0,0,3,3,3,2,3,2,0,12,13,12
488,1,0,16,1,0,1,4,2,4,3,1,1,2,2,0,0,1,0,1,1,1,1,0,5,3,3,1,1,1,2,13,14,14
489,1,1,15,1,1,1,2,2,3,1,3,1,1,4,0,0,1,0,1,1,1,1,0,4,3,4,1,1,4,2,11,12,12
490,1,0,15,0,0,1,1,1,0,2,1,1,2,4,0,1,1,1,1,1,1,1,0,3,1,2,1,1,1,4,13,13,13
491,1,1,16,0,0,1,4,3,3,2,3,1,2,1,0,1,1,1,1,0,1,1,0,3,3,3,1,1,4,6,9,11,11
492,1,0,16,1,0,1,2,1,2,2,0,1,1,2,0,0,1,0,0,1,1,0,1,4,3,5,1,1,5,0,13,12,12
493,1,0,16,1,0,1,4,4,2,2,3,1,1,1,0,0,0,0,1,0,1,1,0,5,3,4,1,2,1,4,12,13,13
494,1,0,16,1,0,1,4,3,2,0,0,1,1,3,0,1,1,0,0,1,1,1,0,5,3,5,1,1,3,2,12,13,13
495,1,1,16,1,0,1,4,4,3,3,2,1,1,1,0,1,1,0,1,1,1,1,0,4,5,5,5,5,4,12,9,9,8
496,1,1,16,1,0,1,4,4,3,4,2,0,1,3,0,0,1,0,1,1,1,1,1,4,4,3,1,1,4,0,16,16,16
497,1,1,15,1,0,1,4,4,3,2,0,1,1,1,0,0,1,1,1,0,1,1,0,5,3,3,1,1,5,2,12,13,12
498,1,0,15,1,0,1,3,2,3,2,1,1,2,2,0,1,1,0,0,1,1,1,0,4,3,5,1,1,2,16,11,10,10
499,1,1,15,1,0,0,3,4,3,2,0,1,1,2,0,0,1,0,1,1,1,1,0,5,4,4,1,1,1,0,16,16,16
500,1,0,15,1,0,0,3,3,2,1,3,0,1,4,0,1,0,0,0,1,1,0,0,4,3,3,1,1,4,10,10,10,10
501,1,0,15,1,0,1,2,2,2,2,0,1,1,4,0,1,1,0,0,1,1,1,0,5,1,2,1,1,3,4,10,10,10
502,1,1,16,1,0,1,3,3,3,2,1,0,1,3,0,0,1,0,1,1,1,1,0,5,3,3,1,1,5,4,13,14,14
503,1,1,15,0,0,1,4,4,2,2,1,0,4,4,0,0,1,0,1,1,1,1,1,1,3,5,3,5,1,8,12,10,11
504,1,0,16,1,1,1,4,4,1,1,2,1,1,3,0,0,1,0,1,1,1,1,1,5,4,5,1,1,4,2,15,15,14
505,1,1,15,1,1,0,4,4,4,4,0,1,1,1,0,0,0,0,1,1,1,1,0,5,5,3,1,1,4,4,13,14,14
506,1,0,16,0,0,1,3,3,3,2,3,0,1,3,0,1,1,0,1,1,1,1,0,4,1,2,1,1,2,4,11,11,11
507,1,0,16,1,0,1,2,2,0,2,1,1,1,2,1,1,0,0,1,1,1,1,0,3,1,2,1,1,5,12,8,10,10
508,1,1,15,1,1,1,4,2,4,2,0,1,1,1,0,0,0,0,0,1,1,1,0,3,5,2,1,1,3,10,18,17,18
509,1,1,15,0,0,1,2,1,1,3,3,1,1,2,0,0,0,0,1,1,1,1,1,5,4,2,1,1,5,4,10,9,10
510,1,1,16,1,0,1,4,4,4,4,0,0,1,2,0,0,1,0,1,1,1,1,0,5,4,4,1,2,5,6,16,14,14
511,1,1,15,1,0,1,4,4,2,4,3,0,2,2,0,0,1,0,1,1,1,0,0,4,4,3,1,1,2,4,16,15,16
512,1,1,16,1,0,1,3,3,2,3,1,0,2,1,0,0,0,0,1,1,1,1,0,5,4,2,1,1,5,6,14,14,15
513,1,1,17,0,0,1,1,3,2,2,0,0,3,2,1,0,1,0,1,1,1,1,0,5,2,4,1,4,5,14,12,11,11
514,1,1,15,1,0,1,3,4,2,2,3,0,1,1,0,0,0,0,0,1,1,1,0,3,4,3,1,2,4,2,14,13,14
515,1,0,15,1,0,1,1,2,0,3,0,1,1,2,0,0,0,0,0,0,1,1,0,3,2,3,1,2,1,0,14,14,14
516,1,1,15,1,0,1,2,2,3,3,1,0,1,4,0,0,1,0,1,1,1,1,0,5,5,4,1,2,5,6,14,13,13
517,1,0,16,1,1,1,2,4,2,1,0,0,2,2,0,0,1,0,1,1,1,1,1,4,2,2,1,2,5,2,14,12,13
518,1,1,16,1,0,1,4,4,1,2,0,1,1,1,0,0,1,0,1,1,1,1,0,3,4,4,1,4,5,4,12,13,13
519,1,0,16,1,0,1,2,2,2,2,1,1,1,2,0,0,0,0,0,1,1,1,1,5,4,4,1,1,5,0,12,11,11
520,1,1,15,1,0,1,3,4,3,3,1,0,1,1,0,1,0,0,0,1,1,1,0,5,5,5,3,2,5,2,9,9,9
521,1,0,15,1,1,0,3,4,2,2,1,1,1,2,0,1,0,0,1,1,1,1,1,5,3,2,1,1,1,0,10,11,11
522,1,0,19,1,0,1,0,1,0,2,0,2,1,2,2,0,1,0,0,0,0,0,0,3,4,2,1,1,5,0,9,10,11
523,1,1,16,0,0,1,4,4,4,4,0,1,1,1,0,0,0,0,1,1,1,1,0,3,5,5,2,5,4,8,14,14,15
524,1,1,16,1,0,1,2,3,2,2,0,1,2,3,0,0,1,0,0,0,1,1,1,3,2,3,2,2,1,4,13,12,13
525,1,0,15,0,0,1,3,4,3,4,0,0,2,3,0,0,1,0,0,1,1,1,1,4,2,2,2,2,5,0,10,11,12
526,1,0,18,1,0,1,2,1,3,2,3,1,1,2,3,0,1,0,1,1,0,1,1,5,4,5,1,3,5,10,10,9,8
527,1,0,17,1,1,0,2,1,2,2,0,1,3,1,0,0,1,0,0,1,1,1,0,3,2,2,1,2,5,8,11,10,11
528,1,0,15,1,0,1,1,1,0,2,0,1,3,1,0,0,1,0,1,0,1,1,1,4,3,3,1,2,4,6,11,12,13
529,1,0,17,1,1,1,2,2,2,2,0,0,1,1,0,0,1,0,0,1,1,1,1,3,4,4,1,3,5,2,13,12,12
530,1,0,16,1,0,0,3,4,3,2,0,0,1,1,0,0,0,0,0,1,1,1,0,3,2,1,1,4,5,12,15,13,14
531,1,1,16,1,0,1,2,1,0,2,0,1,4,1,0,0,0,0,0,1,1,0,0,3,2,1,1,1,2,4,9,9,11
532,1,0,16,1,0,0,2,2,2,2,1,1,1,1,1,0,0,0,0,1,1,0,0,5,3,4,1,1,5,12,13,11,11
533,1,1,15,0,0,1,3,4,0,4,0,1,4,2,0,0,1,0,0,1,1,0,1,5,3,3,1,1,5,2,12,11,11
534,1,0,15,1,0,1,4,4,3,0,0,1,1,3,0,0,1,0,1,1,1,1,1,4,3,3,1,1,5,4,13,14,15
535,1,1,17,0,0,1,3,4,0,2,0,1,3,2,0,0,0,0,0,1,1,0,0,5,4,5,2,4,5,2,10,9,10
536,1,0,16,0,0,1,1,1,0,2,0,1,4,2,0,0,1,0,0,1,1,0,0,5,1,3,1,1,3,0,14,13,13
537,1,1,18,1,1,1,3,1,3,3,0,1,2,1,0,0,0,0,1,1,1,1,1,3,3,4,4,5,4,2,11,11,12
538,1,0,18,1,0,0,3,2,2,3,0,2,1,3,0,0,1,0,1,0,1,1,1,4,3,3,5,1,5,10,12,11,11
539,1,0,16,0,0,1,1,1,2,3,3,1,2,1,0,0,1,0,1,1,1,0,1,3,3,3,1,2,1,8,12,11,11
540,1,0,16,1,0,0,3,3,2,2,0,2,2,1,0,0,1,0,1,0,1,1,1,4,3,2,1,1,5,4,9,9,10
541,1,1,16,1,1,1,1,1,3,2,0,1,1,2,2,0,0,0,0,1,1,0,1,4,4,4,1,3,5,0,10,10,10
542,1,0,15,1,0,1,4,4,4,4,0,1,2,1,0,0,0,0,1,1,1,1,0,4,3,2,1,1,5,6,13,14,14
543,1,0,15,0,0,1,1,1,2,2,0,1,3,1,1,0,0,0,1,1,1,1,1,5,5,5,1,1,1,2,8,9,9
544,1,1,15,1,0,1,4,3,4,3,0,0,2,4,0,1,1,0,0,1,1,1,0,2,2,2,1,1,3,6,9,11,11
545,1,0,15,1,0,0,3,3,3,3,1,1,1,2,0,0,0,0,0,0,1,0,1,1,3,2,2,3,1,24,9,8,9
546,1,1,16,1,0,1,4,4,3,3,0,1,1,3,0,0,1,0,1,1,1,1,0,5,3,3,1,3,5,0,15,13,13
547,1,1,16,1,1,1,2,2,3,3,3,0,2,1,0,0,1,0,1,1,1,1,0,2,3,3,2,2,2,4,12,11,11
548,1,0,15,1,0,1,4,4,4,3,0,1,1,3,0,0,1,0,1,1,1,1,0,4,2,2,1,1,5,2,13,13,13
549,1,0,16,1,1,1,1,1,0,0,0,1,1,1,0,0,0,0,0,1,1,1,0,3,4,4,3,3,1,4,10,11,11
550,1,1,17,1,0,1,2,1,2,2,1,1,1,1,0,0,1,0,0,1,1,1,0,5,4,5,1,2,5,22,9,7,6
551,1,0,15,1,0,1,1,1,2,3,0,0,1,2,0,0,1,0,0,1,1,1,0,4,4,2,1,2,5,0,12,12,12
552,1,0,15,1,1,0,2,1,0,2,1,1,2,1,0,0,1,0,1,1,0,1,1,4,4,2,1,1,5,0,11,10,10
553,1,0,15,1,0,1,3,2,1,3,1,0,1,2,1,0,1,0,0,1,1,1,0,3,3,2,1,1,3,2,11,11,11
554,1,0,15,1,0,1,1,2,0,2,0,1,1,2,0,0,1,0,0,0,1,1,0,4,3,2,1,1,5,6,13,12,13
555,1,0,15,1,0,1,1,2,0,3,0,0,1,2,0,0,0,0,0,0,1,0,1,2,3,4,2,4,1,6,11,11,11
556,1,1,16,1,0,1,4,4,4,4,0,1,1,1,0,0,1,0,0,1,0,1,1,3,3,2,2,1,5,16,9,9,8
557,1,1,15,1,1,0,2,1,3,2,0,1,4,1,0,0,0,0,0,1,1,1,0,4,5,5,2,5,5,0,12,11,11
558,1,1,18,1,1,1,1,1,2,2,0,1,1,1,2,0,0,0,0,1,0,1,1,2,3,5,2,5,4,0,11,9,8
559,1,1,16,1,1,1,2,1,0,2,0,1,1,1,1,0,0,0,1,1,1,0,1,4,4,4,3,5,5,6,9,10,10
560,1,0,15,0,0,1,3,3,3,3,3,2,2,3,0,0,1,1,1,1,1,1,1,4,2,1,2,3,3,2,13,13,13
561,1,1,19,1,0,1,3,2,3,0,1,1,1,1,0,0,1,0,0,1,0,1,1,4,5,4,1,1,4,6,11,9,11
562,1,0,17,1,0,1,4,4,2,4,0,1,1,1,0,1,1,0,0,1,1,0,1,4,2,1,1,1,4,0,13,13,13
563,1,1,15,0,0,1,2,3,0,3,0,1,1,2,0,1,0,1,1,1,1,0,0,4,4,4,1,1,1,0,7,8,8
564,1,1,17,0,1,1,1,2,2,2,3,1,1,1,3,0,0,0,0,1,1,0,0,2,2,2,3,3,5,14,9,8,10
565,1,0,18,0,0,1,1,1,0,2,0,1,3,1,3,0,1,0,1,0,1,0,0,5,2,5,1,5,4,6,11,10,11
566,1,1,16,0,0,1,2,2,0,2,0,1,3,1,0,0,0,0,0,0,1,0,0,4,2,2,1,2,3,4,12,10,11
567,1,1,16,1,0,1,3,3,2,3,0,0,1,2,1,0,1,0,0,1,1,1,1,4,5,5,4,4,5,0,10,10,1
568,1,1,16,1,1,1,1,2,1,3,0,1,2,1,2,0,0,0,0,0,1,1,0,4,4,5,3,5,5,0,9,8,10
569,1,1,17,0,1,1,2,1,0,2,0,1,2,1,1,0,0,1,1,1,0,1,1,3,3,2,2,2,5,8,8,8,9
570,1,1,17,0,0,1,3,2,2,2,0,1,2,2,2,1,1,0,0,1,1,1,1,4,4,4,1,4,3,4,7,6,8
571,1,1,15,1,1,1,1,2,2,2,0,1,2,1,0,0,0,0,1,1,1,0,0,4,4,4,2,4,5,2,8,9,10
572,1,1,16,1,0,1,1,3,0,3,0,0,1,1,1,0,0,0,0,1,0,1,0,5,3,3,1,4,2,2,9,8,8
573,1,1,17,0,1,1,1,1,2,3,0,1,4,2,0,0,0,0,1,1,0,0,1,5,3,5,1,5,5,0,8,8,8
574,1,1,17,1,0,1,3,2,3,3,0,1,2,1,3,0,1,0,1,0,0,0,0,4,5,2,1,1,2,10,8,7,8
575,1,1,16,1,0,1,2,2,2,2,0,0,1,2,0,0,0,0,0,1,0,1,0,4,3,5,2,4,4,0,9,10,11
576,1,0,16,1,0,1,4,2,1,3,1,0,1,2,0,0,0,0,0,1,1,1,1,4,2,3,1,1,3,0,17,17,18
577,1,0,16,1,0,1,2,2,2,2,1,1,1,2,0,0,1,0,0,0,1,1,0,5,1,5,1,1,4,0,12,12,13
578,1,0,16,1,0,1,4,4,1,1,3,1,1,2,0,0,1,0,0,1,1,1,1,4,4,2,1,1,3,0,16,16,17
579,1,1,16,1,0,1,3,4,2,2,0,0,3,1,1,0,1,0,1,0,1,1,0,3,4,5,2,4,2,4,9,9,10
580,1,1,16,1,0,1,1,0,2,2,3,1,2,2,0,0,1,0,1,1,1,1,1,4,3,2,1,1,3,0,16,17,18
581,1,1,17,1,1,1,4,4,4,2,3,1,1,2,0,0,1,0,1,1,1,1,0,4,4,4,1,3,5,0,11,9,10
582,1,0,16,1,0,1,1,3,0,3,1,1,1,2,0,0,0,0,1,0,1,1,1,4,3,5,1,1,3,0,14,13,13
583,1,0,16,1,1,1,3,3,2,2,3,1,2,2,0,0,1,0,1,1,1,1,0,4,4,5,1,1,4,0,14,14,15
584,1,1,17,1,1,1,4,3,4,2,0,1,2,2,0,0,0,0,1,1,1,1,0,4,4,4,4,4,4,0,10,11,11
585,1,0,16,1,0,1,2,2,3,2,3,1,2,2,0,0,0,0,1,0,1,1,0,3,4,4,1,4,5,0,13,12,14
586,1,1,17,1,0,1,3,3,2,2,3,0,1,2,0,0,0,0,1,0,1,1,0,4,3,4,1,4,4,4,11,9,10
587,1,1,16,0,0,1,4,2,4,3,2,1,1,1,0,0,1,0,1,1,1,1,1,4,3,3,3,4,3,8,10,9,11
588,1,1,17,1,0,1,4,3,2,2,0,1,1,2,0,0,1,1,1,1,1,1,1,5,2,3,1,1,2,4,11,11,13
589,1,1,16,1,0,1,4,3,4,2,1,1,1,2,0,0,1,1,1,1,1,1,0,3,4,3,2,3,3,4,11,10,11
590,1,1,16,1,0,1,3,3,3,2,1,1,1,2,0,0,0,0,1,1,1,1,1,4,2,3,1,2,3,0,11,12,13
591,1,0,17,1,0,1,2,4,3,3,3,0,1,2,0,0,1,0,1,1,1,0,0,5,4,2,2,3,5,0,17,18,17
592,1,0,17,1,1,1,3,3,2,2,3,1,1,2,0,0,1,0,1,1,1,1,1,5,3,3,2,3,1,32,14,13,14
593,1,0,16,1,0,1,3,2,2,2,3,1,1,2,0,0,1,0,0,1,1,1,0,1,2,2,1,2,1,8,14,15,16
594,1,1,17,1,0,1,3,3,3,3,2,1,1,2,0,0,1,0,1,1,1,1,1,4,3,4,2,3,4,6,11,13,14
595,1,1,16,1,0,1,1,2,3,3,2,1,1,1,0,0,1,0,1,1,1,1,1,3,3,3,1,2,3,0,10,9,11
596,1,1,16,1,1,1,2,1,2,2,0,1,1,2,0,0,0,0,1,1,1,1,1,4,2,3,1,2,5,0,13,14,16
597,1,0,17,1,0,0,3,3,1,2,3,1,1,2,0,0,1,0,0,0,1,1,1,3,3,3,1,3,3,10,12,13,14
598,1,1,17,0,0,1,1,2,0,2,1,1,1,2,0,0,0,0,0,1,1,0,0,3,1,3,1,5,3,6,9,9,10
599,1,0,16,1,0,1,2,3,3,3,0,1,1,2,0,0,0,0,0,1,1,1,0,4,3,3,1,1,2,6,12,12,13
600,1,0,17,1,0,1,1,1,0,3,0,1,1,2,0,0,0,0,1,1,1,1,0,5,3,3,1,1,3,0,12,11,12
601,1,1,17,1,0,1,1,2,0,3,2,2,2,2,0,0,0,0,1,0,1,1,0,4,4,4,4,5,5,16,10,11,12
602,1,1,16,0,0,1,3,3,3,3,3,1,1,1,0,0,1,0,1,1,1,1,0,4,3,2,3,4,5,0,11,10,10
603,1,1,16,1,0,1,2,3,2,2,1,0,2,1,0,0,0,0,0,1,1,1,0,5,3,3,1,1,3,0,13,12,12
604,1,0,17,1,1,1,2,4,3,3,0,0,1,2,0,0,0,0,1,1,1,1,1,4,3,2,1,1,5,8,14,15,16
605,1,1,17,1,0,1,4,4,3,4,1,1,1,1,0,0,0,0,0,1,1,1,0,5,2,3,1,2,5,4,13,13,14
606,1,1,16,0,1,1,3,3,4,2,1,0,3,1,0,0,1,0,1,1,1,1,0,3,3,4,3,5,3,16,10,11,12
607,1,0,17,1,0,1,4,4,3,4,1,1,2,1,1,0,1,0,0,1,1,1,0,4,2,4,2,3,2,30,14,15,16
608,1,0,16,1,1,1,4,4,4,4,3,1,1,2,0,0,1,0,0,1,1,1,0,4,5,2,1,2,3,0,11,10,11
609,1,0,16,1,0,1,4,3,1,2,1,1,1,2,0,0,1,0,1,1,1,1,0,4,3,5,1,5,2,2,14,14,15
610,1,0,16,1,0,1,2,3,2,2,3,1,1,2,0,1,1,0,1,1,1,0,0,4,4,3,1,3,4,4,11,12,12
611,1,0,17,1,0,1,1,1,2,2,0,1,1,2,0,0,1,0,0,0,1,0,0,4,4,4,1,3,1,0,14,15,15
612,1,0,17,0,0,1,2,2,2,2,3,1,1,1,0,0,1,0,0,1,1,1,0,5,3,2,1,2,3,21,13,13,13
613,1,0,16,0,0,1,2,2,3,3,3,1,2,4,0,0,1,0,1,0,1,1,0,5,3,5,1,1,5,6,13,13,13
614,1,0,17,1,0,1,3,4,0,3,1,1,1,3,1,0,1,1,0,1,1,1,1,4,4,3,3,4,5,14,8,9,8
615,1,0,16,1,0,0,3,1,3,2,0,1,1,2,0,0,1,0,0,1,1,1,0,2,3,3,2,2,4,2,11,11,12
616,1,0,16,1,0,1,4,3,4,2,2,1,1,2,0,0,0,0,1,1,1,1,1,1,3,2,1,1,1,4,14,15,15
617,1,0,16,1,0,1,1,1,0,2,1,1,2,1,0,0,1,0,0,1,1,0,0,4,3,2,1,4,5,2,12,13,13
618,1,0,17,0,0,1,4,3,4,2,3,1,2,3,0,0,1,0,1,1,1,1,1,4,4,2,1,1,4,0,11,12,12
619,1,0,19,1,0,1,3,3,2,2,3,2,1,4,0,0,1,0,1,1,1,1,0,4,3,3,1,2,3,4,12,12,12
620,1,1,17,1,1,1,4,4,3,2,1,1,1,2,0,0,1,0,0,1,1,1,1,5,3,5,4,5,3,15,13,12,12
621,1,0,16,1,0,0,2,2,2,2,3,1,1,2,0,1,1,0,0,1,1,1,0,3,3,4,1,1,4,0,13,13,13
622,1,1,18,1,0,1,2,2,3,2,1,1,1,2,0,0,1,0,1,1,1,1,0,4,4,4,2,4,5,10,12,11,11
623,1,0,17,0,1,1,4,4,3,2,2,1,1,1,0,0,1,0,0,1,1,0,0,5,2,1,1,2,3,6,12,11,11
624,1,0,17,1,1,1,3,2,2,2,3,1,2,2,0,0,0,0,0,1,1,1,0,4,4,4,1,3,1,2,14,16,15
625,1,0,17,1,0,1,4,3,2,2,3,1,1,2,0,0,0,0,0,1,1,1,1,3,4,5,2,4,1,16,11,9,10
626,1,1,18,1,1,1,3,3,3,1,1,0,1,2,0,0,1,0,0,1,1,1,0,3,2,4,2,4,4,10,10,10,10
627,1,0,17,1,0,1,2,3,0,2,1,0,2,1,0,0,1,0,0,1,1,0,0,3,3,3,1,4,3,4,12,13,13
628,1,0,17,1,0,1,2,2,0,0,0,1,1,3,0,0,1,0,1,1,1,1,0,4,3,3,1,1,4,0,12,12,13
629,1,0,17,0,0,1,2,1,0,3,3,1,2,2,0,0,1,0,1,1,1,1,0,4,2,5,1,2,5,0,11,10,11
630,1,0,17,1,0,1,1,1,0,2,3,1,1,3,0,0,1,0,1,1,1,0,1,4,3,4,1,1,5,12,12,12,12
631,1,0,16,1,0,1,2,3,3,4,2,1,1,2,0,1,0,0,0,1,1,1,0,2,3,1,1,1,3,0,13,13,14
632,1,1,18,1,0,1,2,2,2,2,1,1,2,2,3,0,1,1,0,1,1,1,0,3,3,3,5,5,4,9,10,9,10
633,1,0,16,1,0,1,4,4,4,3,1,1,1,3,0,0,1,0,1,0,1,1,0,5,3,2,1,1,5,4,15,16,16
634,1,0,18,0,0,1,3,1,2,2,3,1,1,2,0,0,0,0,1,1,1,1,1,5,3,3,1,1,4,4,8,8,8
635,1,0,17,1,0,1,3,2,2,2,0,1,1,2,0,0,0,0,1,0,1,1,0,5,3,4,1,3,3,2,17,18,17
636,1,1,17,1,1,1,2,3,3,3,3,0,1,2,0,0,1,0,0,0,1,1,0,5,3,3,1,3,3,0,10,11,11
637,1,1,18,1,1,1,2,1,0,2,0,1,4,2,0,1,1,0,1,1,1,1,1,4,3,2,4,5,3,2,9,10,11
638,1,0,17,1,0,0,2,1,2,2,0,1,2,3,0,0,0,0,1,1,1,1,1,3,2,3,1,2,3,0,15,15,16
639,1,0,17,1,1,1,4,3,1,2,3,0,1,2,0,0,0,0,1,1,1,1,1,3,2,3,1,2,3,0,14,12,12
640,1,1,17,0,0,1,2,2,2,2,0,0,2,2,0,0,1,0,1,1,1,1,0,4,5,2,1,1,1,0,12,13,13
641,1,1,17,1,0,1,4,4,4,4,3,1,1,2,0,1,1,0,1,1,1,1,1,4,5,5,1,3,2,0,13,13,13
642,1,1,16,1,0,1,4,4,1,2,3,0,1,2,0,0,1,0,1,1,1,1,0,4,2,4,2,4,1,0,13,13,14
643,1,1,16,1,1,1,1,1,2,2,1,1,2,2,0,0,1,0,0,1,1,1,0,3,4,2,1,1,5,2,9,9,9
644,1,1,16,1,0,1,3,2,0,2,3,1,2,3,0,0,0,0,1,1,1,1,1,5,3,3,1,3,2,0,12,12,12
645,1,1,17,1,1,1,2,2,2,2,1,0,1,2,0,0,0,0,1,0,1,1,1,4,4,2,5,5,4,0,16,16,16
646,1,0,16,1,0,1,2,1,2,2,1,1,1,1,0,0,0,0,0,1,1,1,1,4,5,2,1,1,5,4,9,10,10
647,1,0,16,1,0,0,4,1,2,2,1,1,1,2,0,0,0,0,1,1,1,1,1,5,3,3,1,2,5,0,14,13,13
648,1,0,18,1,1,0,2,4,3,2,0,1,2,2,1,0,1,0,0,1,1,1,0,4,3,3,1,1,3,18,10,10,10
649,1,0,18,1,1,1,2,2,0,3,0,1,1,2,1,0,1,0,0,0,1,1,1,5,3,1,1,1,5,16,9,8,10
650,1,0,18,1,0,1,3,3,2,2,0,1,2,1,1,0,0,0,0,1,0,1,0,4,1,1,1,1,3,14,8,7,7
651,1,1,18,1,0,1,2,2,2,0,0,2,1,1,1,0,1,0,1,0,0,1,1,4,4,3,2,2,1,26,7,8,8
652,1,1,17,1,0,1,4,4,4,4,0,1,1,1,0,0,1,0,1,0,1,1,0,4,2,1,1,2,5,6,10,8,9
653,1,0,17,1,0,1,3,2,2,2,0,0,1,2,0,0,0,0,1,1,1,0,0,5,4,2,1,1,3,4,14,14,15
654,1,0,17,1,1,1,1,1,0,0,0,1,1,3,0,0,1,0,1,1,1,1,1,4,3,2,1,2,4,10,11,10,10
655,1,0,16,1,0,1,1,2,2,2,0,1,1,1,0,0,0,0,0,1,0,1,0,5,3,5,1,2,5,4,12,11,11
656,1,0,17,0,0,1,2,1,0,3,0,1,3,2,0,0,0,0,1,1,1,0,0,2,1,1,1,1,3,2,13,13,13
657,1,0,17,0,1,0,1,4,2,2,0,2,4,1,1,0,1,0,0,1,1,1,0,5,5,4,1,1,5,14,9,9,8
658,1,1,18,1,0,1,2,2,2,3,3,0,1,2,0,0,0,0,0,1,0,1,0,5,5,4,3,5,2,16,8,7,8
659,1,0,17,1,1,0,2,2,2,2,1,1,1,1,1,0,1,0,0,0,0,1,0,3,1,2,1,1,1,8,11,9,10
660,1,0,17,0,1,1,1,1,0,2,0,1,2,3,0,0,0,0,1,1,1,1,0,4,3,3,1,3,5,4,15,14,15
661,1,0,17,1,1,0,4,2,4,2,0,1,1,2,0,0,1,0,1,1,1,0,0,4,3,2,1,1,4,4,15,14,14
662,1,1,17,1,1,1,4,3,1,2,0,1,2,2,0,0,0,0,1,1,1,1,1,2,5,5,1,4,5,8,15,15,15
663,1,1,17,0,1,0,4,4,4,2,0,1,2,2,0,0,1,0,0,1,1,1,0,3,3,3,2,3,4,0,12,12,12
664,1,1,16,1,1,1,4,3,4,2,0,1,1,1,0,0,0,0,1,0,1,1,0,5,4,5,1,1,3,7,14,14,15
665,1,1,16,1,0,1,4,4,3,3,0,1,1,1,0,0,0,1,1,1,1,1,0,5,3,2,1,2,5,4,14,15,15
666,1,0,17,1,0,1,4,4,4,3,0,1,1,2,0,0,1,1,0,1,1,1,1,5,3,1,1,4,5,2,11,11,12
667,1,1,17,0,0,1,1,1,2,2,1,0,2,3,0,0,0,0,0,0,1,1,1,4,3,3,1,1,1,2,13,14,15
668,1,0,17,1,0,1,3,3,3,2,1,1,2,3,0,0,1,0,0,1,1,1,1,4,2,2,2,3,5,10,11,11,11
669,1,0,17,1,0,1,1,1,0,2,0,1,1,2,0,1,0,0,0,0,1,0,1,4,3,2,1,1,4,10,10,9,10
670,1,0,18,1,0,1,2,1,2,2,0,2,2,3,0,0,1,0,0,0,1,1,1,4,4,4,1,1,3,10,12,10,11
671,1,1,16,1,0,1,2,1,2,2,0,1,3,1,0,0,0,0,0,1,1,1,0,4,3,3,1,1,4,7,15,16,16
672,1,0,17,1,0,1,1,1,2,3,0,0,1,2,0,0,1,0,0,1,1,0,0,4,3,4,1,2,5,4,11,10,11
673,1,1,17,1,0,1,2,3,2,2,0,0,2,1,0,0,0,0,0,1,1,1,0,5,2,2,1,1,2,2,9,12,13
674,1,1,22,1,0,1,3,1,3,3,2,1,1,1,3,0,0,0,0,0,0,1,1,5,4,5,5,5,1,12,7,8,5
675,1,1,18,0,1,1,3,3,2,3,0,1,1,2,0,0,1,0,0,1,1,1,1,4,3,3,1,3,5,8,10,9,10
676,1,1,16,1,0,1,0,2,2,2,2,1,1,1,0,0,0,0,0,0,1,1,0,4,3,2,2,4,5,0,11,12,11
677,1,1,18,1,0,1,3,2,3,2,0,1,2,1,0,0,0,0,0,1,0,1,0,4,4,5,2,4,5,8,7,8,7
678,1,1,16,1,0,1,3,3,0,2,3,2,3,2,1,1,1,0,0,0,1,1,0,5,3,3,1,3,2,4,9,11,10
679,1,1,18,1,0,1,2,1,3,3,2,1,1,1,2,0,0,0,0,0,0,1,0,3,2,5,2,5,5,4,7,8,6
680,1,1,16,0,0,1,2,1,2,2,0,1,2,1,0,0,0,0,1,0,1,0,0,3,3,2,1,3,3,2,14,13,12
681,1,1,17,0,0,1,2,1,2,2,0,1,1,1,0,0,0,0,0,0,1,1,0,4,4,2,2,4,5,0,12,12,13
682,1,1,17,1,1,1,1,1,1,2,0,1,2,1,1,0,1,0,1,1,1,1,0,4,4,4,1,2,5,0,9,10,10
683,1,0,18,1,1,0,2,1,2,2,0,1,1,2,0,0,1,0,0,0,1,1,1,4,3,4,1,3,5,2,12,12,13
684,1,0,17,1,1,1,4,2,4,3,3,1,1,4,0,0,1,0,1,1,1,1,0,4,2,3,1,1,4,2,14,15,17
685,1,0,19,1,0,1,2,2,3,3,1,1,1,2,0,0,1,0,0,1,1,1,0,4,3,3,1,1,5,0,10,10,11
686,1,1,18,1,1,1,2,1,3,2,0,1,3,2,1,0,0,0,1,0,0,1,0,4,4,5,4,4,5,4,11,10,11
687,1,0,17,0,0,1,4,2,2,2,0,1,1,3,0,0,1,0,1,1,1,1,0,4,3,4,1,3,5,2,11,12,14
688,1,0,18,1,1,1,1,1,2,0,1,1,1,3,0,0,1,0,0,0,1,0,0,4,4,3,2,3,3,4,11,12,14
689,1,0,18,0,0,1,2,2,2,2,1,1,1,2,0,1,0,0,0,1,1,0,0,3,2,3,1,1,5,4,11,11,13
690,1,1,19,1,1,0,4,3,3,0,3,1,1,2,0,0,1,0,0,1,1,1,0,4,3,1,1,1,1,4,11,13,14
691,1,1,18,1,0,1,2,1,2,2,1,1,1,2,0,0,0,0,1,1,1,1,0,5,2,4,1,2,4,2,16,16,16
692,1,1,17,0,0,1,2,2,2,3,2,1,2,1,0,0,0,0,0,0,0,0,0,5,2,2,1,1,4,0,9,10,10
693,1,0,17,1,1,1,2,2,3,3,0,0,1,4,0,0,0,0,1,1,1,1,1,3,4,1,1,1,2,2,10,11,12
694,1,0,20,0,0,1,2,1,2,2,0,2,2,2,0,0,1,1,1,1,0,1,1,1,2,3,1,2,2,8,10,12,12
695,1,0,18,1,0,1,4,3,3,2,1,0,1,2,0,0,1,0,0,1,1,1,1,3,1,2,1,3,2,2,15,15,15
696,1,1,18,1,0,1,4,3,4,2,0,1,1,2,0,0,1,0,0,0,1,1,0,4,3,2,1,1,3,2,10,10,11
697,1,1,18,0,0,1,3,2,2,2,0,1,1,3,0,0,0,0,1,0,1,0,0,5,3,2,1,1,3,2,10,11,12
698,1,0,17,1,0,1,3,3,2,2,1,1,1,3,0,0,0,0,1,0,1,0,0,3,2,3,1,1,4,2,15,12,13
699,1,0,18,1,0,1,2,2,0,3,1,1,1,3,0,0,1,0,1,1,1,1,1,4,3,3,1,1,3,0,11,12,13
700,1,1,17,1,0,1,2,2,2,2,1,0,2,1,0,0,0,0,0,1,0,1,0,4,4,4,2,3,4,8,8,8,9
701,1,1,18,0,1,0,3,4,2,2,3,1,2,2,0,0,1,0,1,1,1,1,0,4,2,5,3,4,1,6,15,16,16
702,1,1,17,1,0,1,3,1,3,2,2,1,1,2,0,0,0,0,1,1,1,1,1,5,4,4,3,4,5,0,11,11,14
703,1,0,18,0,0,1,4,4,4,2,3,1,2,2,0,0,0,0,1,1,1,1,0,4,3,4,2,2,4,8,10,11,12
704,1,1,18,1,0,1,4,2,1,2,3,0,1,2,0,0,1,0,1,1,1,1,1,5,4,5,1,3,5,4,10,12,14
705,1,0,18,0,0,1,2,1,2,2,3,1,2,2,0,0,1,0,0,1,0,1,1,4,3,5,1,2,3,12,8,9,10
706,1,0,19,1,0,1,3,3,2,3,1,2,1,2,0,0,1,0,1,1,1,1,0,4,3,5,3,3,5,16,11,12,12
707,1,0,18,1,0,1,2,3,2,3,3,0,1,4,0,0,1,0,1,1,1,1,1,4,5,5,1,3,2,10,16,16,16
708,1,0,18,1,1,1,1,1,2,2,1,1,2,2,0,0,1,0,0,0,1,0,0,4,4,3,1,1,3,2,13,13,13
709,1,1,17,0,0,1,1,2,0,0,1,1,1,2,0,0,1,0,1,0,1,0,1,3,5,2,2,2,1,2,16,17,18
710,1,0,18,1,0,1,2,1,2,2,1,1,1,2,0,0,1,0,0,1,1,1,1,4,2,5,1,2,1,8,14,14,15
711,1,0,17,1,0,1,2,4,0,1,3,1,2,2,0,0,1,0,0,1,1,1,1,4,3,3,1,1,1,6,15,16,16
712,1,0,17,1,1,1,2,2,3,2,0,1,2,2,0,1,1,0,0,1,1,1,1,4,4,4,2,3,5,6,12,12,12
713,1,0,18,0,0,0,3,2,2,3,1,1,2,2,0,0,0,0,0,0,0,1,1,4,1,1,1,1,5,15,12,9,10
714,1,1,18,1,0,1,4,4,4,3,1,1,2,1,0,0,0,0,1,1,1,1,0,3,2,4,1,4,3,6,11,12,12
715,1,0,18,1,0,1,4,4,1,1,3,0,1,2,1,1,1,0,1,1,1,1,1,2,4,4,1,1,4,2,14,12,13
716,1,0,17,1,0,1,2,2,2,3,3,0,3,3,0,0,1,0,0,1,1,1,1,4,2,3,1,1,1,8,13,15,15
717,1,0,19,0,0,1,3,2,3,3,3,0,1,2,1,1,1,0,0,1,0,1,0,3,3,3,4,3,3,0,9,8,10
718,1,1,18,1,1,1,4,3,4,3,0,1,2,1,0,0,0,0,1,1,1,1,0,4,2,3,1,2,1,0,10,10,10
719,1,1,18,1,0,1,1,2,0,2,1,2,2,1,0,0,0,0,0,0,0,1,0,3,4,4,2,4,4,10,10,10,11
720,1,1,17,1,1,0,4,1,3,2,1,1,2,1,0,0,0,0,1,1,1,1,1,4,5,4,2,4,5,22,11,11,10
721,1,1,17,1,1,0,3,2,4,3,1,1,1,1,0,0,0,0,0,1,1,1,0,4,4,4,3,4,3,18,13,13,13
722,1,0,18,0,1,1,1,1,0,2,3,1,2,4,0,0,1,0,1,1,1,0,0,5,2,2,1,1,3,2,17,17,18
723,1,0,18,1,0,1,1,1,2,2,1,1,2,2,0,1,0,0,1,1,1,1,0,5,4,4,1,1,4,0,12,13,13
724,1,0,17,1,0,1,2,2,2,2,0,1,1,2,0,0,1,0,0,0,1,1,0,5,4,5,1,2,5,12,12,12,14
725,1,0,18,1,0,1,2,1,2,2,3,1,2,2,0,0,0,0,1,1,1,1,1,4,3,1,1,1,5,10,12,13,14
726,1,1,17,1,0,1,1,1,2,2,3,0,1,2,0,0,0,0,0,0,1,1,0,4,3,3,1,2,4,0,12,12,12
727,1,0,18,1,0,1,2,2,0,0,2,1,1,3,0,0,1,0,0,1,1,1,0,4,3,3,1,2,2,0,18,18,18
728,1,0,17,1,0,1,1,1,3,4,3,1,1,3,0,0,1,0,0,1,1,1,0,4,3,3,1,1,3,0,13,13,14
729,1,1,18,1,0,1,2,1,3,3,3,1,1,3,0,0,0,0,1,1,1,1,0,4,2,4,1,3,2,0,14,15,15
730,1,1,18,1,1,0,4,4,4,4,3,1,1,2,0,0,1,0,1,1,1,1,0,5,4,3,1,1,2,0,17,17,17
731,1,1,18,1,0,1,4,2,4,2,1,1,1,2,0,0,1,0,1,1,1,1,1,4,3,2,1,4,5,2,15,16,16
732,1,0,17,1,0,1,4,3,1,3,3,1,1,3,0,0,1,0,0,1,1,1,0,4,2,2,1,2,3,0,17,18,18
733,1,0,17,0,1,1,3,1,3,2,3,1,2,4,0,0,1,0,0,1,1,0,0,3,1,2,1,1,3,0,18,19,19
734,1,1,18,0,1,1,3,2,3,2,3,1,2,3,0,0,1,0,1,1,1,1,0,5,4,2,1,1,4,0,14,15,15
735,1,1,17,1,0,1,3,3,1,2,1,1,1,1,0,0,1,0,0,1,1,1,0,4,4,3,1,3,5,0,14,15,15
736,1,0,19,1,0,1,4,4,1,2,3,2,2,2,0,0,1,0,1,1,1,1,0,2,3,4,2,3,2,2,14,13,13
737,1,0,18,1,1,1,4,3,2,2,1,2,2,2,0,0,1,0,0,1,1,1,1,4,4,5,1,2,2,0,13,14,14
738,1,0,18,1,0,1,4,3,2,2,3,0,1,4,0,0,1,0,0,1,1,1,0,4,3,3,1,1,3,0,16,17,17
739,1,1,18,1,1,1,4,4,4,4,1,1,1,1,0,0,1,0,0,1,1,1,1,1,4,2,2,2,1,0,18,18,17
740,1,0,18,1,1,0,4,4,1,2,1,1,1,2,0,0,1,1,0,1,1,1,1,4,2,4,1,1,4,0,14,15,15
741,1,1,17,1,1,1,4,4,2,4,1,0,2,1,0,0,0,0,0,1,1,1,0,4,1,1,2,2,5,0,12,13,13
742,1,0,17,0,0,1,4,4,3,3,3,1,2,3,0,0,1,0,1,1,1,1,0,5,3,4,1,1,5,0,7,7,8
743,1,0,17,1,0,1,4,2,2,2,3,1,2,3,0,0,1,0,0,1,1,1,0,4,3,3,1,1,3,0,16,16,16
744,1,0,17,1,0,1,3,2,1,1,3,0,1,4,0,0,1,0,1,0,1,1,0,5,2,2,1,2,5,0,18,18,18
745,1,1,19,0,1,1,2,1,0,3,0,1,2,3,1,0,0,0,1,1,1,1,1,4,3,1,1,1,5,0,9,10,11
746,1,1,20,1,0,0,3,2,3,2,0,2,1,1,2,0,0,0,1,1,1,0,0,5,5,3,1,1,5,0,14,15,15
747,1,1,19,0,0,1,3,3,2,3,3,0,1,2,0,0,0,0,1,1,1,0,1,4,5,3,1,2,5,0,10,10,11
748,1,0,18,1,0,1,1,4,2,4,1,1,1,2,0,1,1,0,0,0,1,0,1,3,4,4,1,2,5,2,10,10,11
749,1,0,18,1,0,1,2,1,3,2,0,1,2,2,0,0,1,0,1,1,1,1,0,5,3,3,1,2,1,2,12,12,15
750,1,0,17,1,0,1,2,3,2,2,0,0,2,2,0,0,0,0,1,1,1,1,1,4,2,1,1,1,3,2,11,12,14
751,1,0,17,0,0,1,4,4,4,4,0,1,1,1,0,0,0,0,1,1,1,1,0,4,4,4,1,1,5,2,15,16,17
752,1,0,18,1,0,1,4,3,2,2,0,1,1,3,0,0,1,0,1,1,1,1,1,4,3,4,1,1,5,2,14,15,17
753,1,0,18,1,1,1,4,3,1,3,0,1,2,1,0,0,1,0,0,1,1,1,0,3,2,4,1,4,1,8,12,12,15
754,1,0,17,0,0,1,3,4,0,3,0,0,1,3,0,0,1,0,1,0,1,1,0,4,3,4,2,5,5,2,15,15,17
755,1,0,18,1,0,1,3,3,0,2,0,0,1,2,0,0,1,0,0,1,1,1,0,4,1,4,1,1,3,8,11,12,14
756,1,1,19,1,0,1,4,2,1,2,0,1,2,2,0,0,1,0,1,1,1,1,1,5,4,4,1,1,1,9,11,10,10
757,1,0,18,1,0,1,4,4,4,2,0,1,1,2,0,0,1,0,0,1,1,1,0,4,4,4,3,3,5,0,12,11,13
758,1,0,18,1,0,1,3,4,2,2,0,1,1,1,0,0,1,0,1,1,1,1,1,5,4,4,1,1,1,4,11,12,14
759,1,0,17,1,0,1,4,4,1,1,0,1,1,1,0,0,0,0,1,1,1,1,0,5,3,4,1,2,5,2,14,15,17
760,1,0,17,1,0,0,4,3,3,3,0,1,1,2,0,0,1,0,0,1,1,1,1,5,2,2,1,2,5,14,15,14,17
761,1,0,17,1,1,0,3,3,3,2,1,1,1,2,0,1,1,0,0,1,1,1,0,5,3,3,1,1,5,0,12,12,13
762,1,0,17,1,1,1,2,1,2,2,1,0,1,2,0,0,0,0,1,1,1,1,0,4,2,3,2,2,2,2,11,12,14
763,1,1,18,1,1,1,4,4,2,2,3,0,1,1,0,0,1,0,0,1,1,1,0,4,2,5,3,4,5,2,8,9,11
764,1,0,19,1,0,1,1,1,2,2,0,2,3,3,0,0,0,0,1,1,0,0,1,1,5,5,4,3,5,12,10,10,11
765,1,0,19,1,1,0,1,1,2,2,0,2,3,2,2,0,1,0,0,0,1,1,1,5,3,4,1,1,4,2,8,8,9
766,1,0,18,1,0,1,2,2,2,2,0,1,1,1,0,0,1,0,1,1,1,1,1,4,3,5,2,4,5,2,10,10,10
767,1,0,17,1,0,1,2,2,2,2,0,1,1,2,0,0,1,0,0,1,1,0,1,4,2,2,1,1,3,4,14,13,13
768,1,0,17,0,1,1,2,2,3,3,0,1,1,3,0,0,1,0,1,1,1,1,0,3,3,2,2,2,3,0,11,11,10
769,1,0,17,1,0,1,3,1,3,3,0,0,1,3,0,0,1,0,0,0,1,1,0,3,4,3,2,3,5,0,17,18,17
770,1,0,17,1,1,1,0,2,0,0,1,0,2,3,0,0,0,0,0,1,1,1,0,3,3,3,2,3,2,0,14,14,15
771,1,0,18,1,0,1,1,1,2,2,1,1,2,3,0,0,0,0,1,1,1,1,0,4,5,5,1,2,2,0,14,14,14
772,1,1,18,1,0,1,4,4,2,2,0,1,1,3,0,0,0,0,1,1,1,1,0,4,3,3,2,2,3,0,13,14,13
773,1,1,17,1,0,1,3,3,2,3,3,1,1,1,0,0,0,0,1,0,1,1,0,4,3,5,3,5,5,0,17,18,17
774,1,1,17,0,0,1,2,2,3,2,0,1,4,1,0,0,1,0,0,1,1,1,0,4,4,5,5,5,4,2,11,10,10
775,1,0,17,1,0,1,4,4,4,3,0,1,1,3,0,0,1,0,1,1,1,1,0,5,4,4,1,3,4,0,13,12,13
776,1,0,17,1,0,1,4,4,4,4,0,1,2,3,0,0,1,0,0,0,1,1,1,4,3,3,1,2,4,4,15,14,15
777,1,0,17,1,0,1,3,3,0,2,0,1,1,1,0,0,1,1,1,1,1,1,0,4,2,5,2,5,5,2,11,12,11
778,1,1,18,1,1,1,2,2,2,2,0,1,1,4,0,0,1,1,1,1,1,1,0,4,5,5,2,4,5,0,11,11,12
779,1,1,19,0,0,1,3,2,0,3,1,2,1,1,0,0,1,0,0,0,1,0,1,5,3,4,2,2,5,0,11,10,10
780,1,0,18,1,0,1,2,2,0,2,0,1,4,2,0,0,0,0,1,1,1,0,1,4,2,5,1,1,2,2,10,9,10
781,1,0,17,0,0,1,2,4,0,2,0,0,1,3,0,0,1,0,0,1,1,1,1,4,4,3,1,1,5,0,15,15,15
782,1,1,18,1,0,1,2,2,2,2,3,1,1,1,0,0,0,0,0,0,1,1,0,5,4,2,1,2,5,6,15,14,15
783,1,0,18,1,0,1,3,3,3,3,1,1,1,2,0,0,0,0,1,1,1,1,0,5,3,4,1,1,4,8,10,11,12
784,1,0,18,1,1,1,2,2,2,2,1,2,1,2,0,0,0,0,1,0,1,1,1,4,3,3,1,1,2,0,10,9,12
785,1,0,18,0,0,1,2,2,0,2,0,1,2,4,0,0,0,0,1,1,1,0,0,4,4,4,1,1,4,6,14,13,14
786,1,0,17,1,0,1,3,4,3,2,0,1,1,3,0,0,0,0,0,1,1,1,0,4,4,5,1,3,5,8,11,13,14
787,1,0,17,1,0,1,3,2,2,2,1,1,1,2,0,0,1,0,0,1,1,1,1,4,3,2,2,3,2,0,12,13,15
788,1,0,18,1,1,1,3,3,3,3,1,1,1,4,0,0,1,0,0,1,1,1,0,5,3,3,1,1,1,4,14,14,15
789,1,0,17,0,0,0,3,2,2,2,1,1,1,2,0,0,1,0,0,1,1,1,0,4,3,3,2,3,2,0,14,14,16
790,1,1,18,1,0,1,4,4,4,3,1,0,1,2,0,0,1,0,1,1,1,1,0,4,3,3,2,2,2,0,12,12,13
791,1,1,18,1,1,1,3,4,3,2,1,1,1,2,0,0,0,0,1,1,1,1,1,4,3,3,1,3,5,6,16,16,17
792,1,0,17,1,0,0,2,2,0,0,1,0,1,2,0,0,1,0,0,1,1,1,1,3,3,1,1,2,4,18,10,12,14
793,1,0,18,1,0,1,2,3,0,2,0,1,1,3,0,0,1,0,0,1,1,1,0,4,3,3,1,2,3,0,11,12,14
794,1,0,18,1,0,1,3,2,2,3,2,1,1,3,0,0,0,0,0,1,1,1,1,5,4,3,2,3,1,4,14,16,17
795,1,1,18,0,0,1,4,3,4,3,0,1,1,3,0,0,0,0,0,1,1,1,1,5,3,2,1,2,4,4,15,14,17
796,1,1,18,1,0,1,4,3,4,2,0,1,1,3,0,0,1,0,0,1,1,1,1,5,4,5,2,3,5,0,14,13,14
797,1,0,17,1,0,1,4,3,1,2,3,1,1,3,0,0,1,0,1,1,1,1,1,4,4,3,1,3,4,0,11,12,13
798,1,0,17,1,0,1,2,1,3,2,0,1,2,2,0,0,1,0,1,1,1,1,1,4,3,4,2,2,1,10,12,15,15
799,1,0,17,1,0,1,2,1,3,2,3,1,1,2,0,0,1,0,1,1,1,1,0,4,3,5,2,4,4,4,12,16,16
800,1,0,19,1,1,0,2,3,0,2,1,2,2,1,1,0,0,0,0,1,0,1,0,2,2,3,3,4,5,16,10,11,11
801,1,0,17,1,0,1,3,1,2,0,1,1,1,1,1,0,1,1,0,1,1,1,1,4,1,2,1,1,3,6,10,13,13
802,1,0,21,1,1,1,4,4,2,2,3,2,1,3,2,0,0,1,1,1,1,1,0,3,3,2,1,1,5,0,9,12,12
803,1,1,18,1,1,1,2,2,3,3,3,1,1,2,0,0,1,0,1,0,0,1,0,4,4,4,1,3,3,11,9,11,12
804,1,1,18,1,1,0,3,4,2,2,3,2,1,2,0,0,0,0,1,1,1,1,1,4,3,5,1,4,2,9,13,14,15
805,1,0,17,1,0,1,2,2,3,3,3,1,1,2,0,0,1,0,1,1,1,1,0,4,3,4,1,3,4,0,13,17,17
806,1,1,17,1,1,0,4,4,1,2,3,1,1,3,0,0,1,0,0,1,1,1,0,4,4,2,1,2,4,2,12,15,15
807,1,0,18,1,1,1,4,2,4,2,0,1,1,2,0,0,1,0,1,1,1,1,0,4,2,2,1,1,3,0,14,17,17
808,1,1,21,0,1,1,1,1,0,2,0,2,2,2,2,0,1,0,1,1,0,1,1,5,3,3,5,2,4,21,9,10,10
809,1,0,20,0,0,1,1,1,2,2,3,2,2,3,0,0,0,0,0,1,1,1,1,3,2,2,1,3,3,8,11,15,15
810,1,0,19,1,0,1,4,4,4,2,1,2,1,1,1,0,1,0,0,1,1,1,1,3,2,5,4,4,5,5,9,10,11
811,1,1,17,1,1,0,3,2,2,2,3,1,1,2,0,0,1,0,0,1,1,1,0,4,4,4,1,2,5,10,16,18,18
812,1,0,18,1,0,1,3,2,0,2,3,0,1,3,0,0,1,0,0,1,1,1,1,4,3,4,1,2,2,5,14,17,17
813,1,1,18,0,0,1,2,3,2,3,3,0,1,1,0,0,0,0,0,1,1,1,0,3,1,3,4,5,4,13,13,14,14
814,1,1,19,1,0,1,2,1,2,2,3,1,1,1,0,0,0,0,0,1,1,1,0,5,3,4,1,4,4,10,7,11,11
815,1,0,18,1,1,0,2,2,3,2,3,1,2,2,0,0,1,0,0,1,1,1,0,4,1,4,1,3,4,10,14,17,17
816,1,0,20,1,0,1,1,0,2,2,3,1,2,1,1,1,0,0,0,1,1,1,1,5,3,1,1,1,5,5,8,10,10
817,1,0,18,1,0,1,3,2,3,2,1,1,1,2,0,0,1,0,1,0,1,1,1,3,1,2,1,2,1,4,10,13,13
818,1,0,16,1,0,1,1,3,0,2,2,0,2,1,0,0,1,0,0,1,0,1,1,4,3,3,1,3,5,11,10,11,11
819,1,0,16,0,0,1,2,2,2,2,0,1,2,2,0,0,1,0,1,1,1,1,0,4,4,4,1,1,5,0,12,12,12
820,1,0,15,0,0,1,1,1,0,3,2,1,1,1,1,0,1,0,0,1,1,0,1,4,1,3,1,1,2,6,10,10,10
821,1,0,15,0,0,1,3,3,0,2,0,1,2,1,0,0,1,0,0,1,1,1,0,5,4,4,2,3,5,4,10,10,11
822,1,0,16,0,0,1,2,3,0,3,0,1,2,2,0,0,0,0,0,1,1,0,0,4,5,2,1,2,5,0,16,17,17
823,1,0,15,0,1,1,2,1,0,2,1,1,2,1,0,0,0,0,0,1,0,0,0,1,3,4,1,1,1,0,6,8,9
824,1,1,16,0,1,0,4,4,0,2,1,1,1,2,0,0,1,0,0,1,1,0,0,5,3,2,1,3,2,5,10,11,11
825,1,1,16,1,0,0,1,2,2,2,2,1,1,3,0,1,0,0,0,1,1,1,0,4,4,3,1,1,5,0,10,11,11
826,1,0,17,0,0,1,3,2,0,2,0,0,1,2,1,0,0,0,0,1,1,0,1,4,5,4,1,2,5,0,10,10,10
827,1,0,17,0,0,1,1,1,2,2,2,0,1,1,1,0,1,0,0,0,0,1,0,5,4,4,2,2,5,0,6,6,7
828,1,0,15,0,0,1,4,4,4,2,0,1,2,1,0,0,0,0,0,1,1,1,1,1,5,1,3,5,5,0,13,14,14
829,1,0,16,1,1,0,2,2,0,2,3,1,2,4,0,0,0,0,1,0,0,0,1,1,2,1,1,1,1,4,10,9,11
830,1,0,15,0,1,1,1,1,0,3,3,0,2,2,0,0,1,0,0,1,1,1,0,5,4,3,1,2,4,0,10,10,10
831,1,0,15,0,1,1,1,1,2,3,0,1,2,1,1,0,1,0,0,1,1,1,1,4,4,3,1,2,2,4,6,7,8
832,1,0,16,0,0,1,0,2,2,2,2,1,2,1,0,0,1,0,1,1,1,0,0,3,2,3,1,2,2,0,12,11,12
833,1,0,17,0,0,1,2,3,2,2,0,1,2,1,0,0,1,0,0,1,1,1,0,5,5,5,1,3,3,2,10,11,12
834,1,0,15,0,0,1,3,3,2,3,0,0,2,1,0,0,0,0,0,0,1,1,0,4,1,3,1,1,4,0,14,16,16
835,1,1,16,1,0,1,1,1,0,3,1,1,2,2,0,0,1,0,1,1,1,0,1,5,4,5,4,5,3,0,7,8,10
836,1,1,17,1,0,1,1,1,2,2,1,1,1,2,0,0,0,1,0,0,1,1,0,4,4,3,2,4,5,4,8,9,9
837,1,1,15,0,1,1,4,1,1,3,3,0,1,2,0,0,1,0,1,1,1,1,0,5,3,4,1,2,2,0,12,13,14
838,1,1,15,0,1,1,4,1,1,3,3,0,1,2,0,0,1,0,1,1,1,1,0,5,3,4,1,2,2,7,7,9,8
839,1,1,16,0,0,1,3,4,2,1,2,1,3,2,0,0,0,0,0,0,1,0,0,3,4,5,1,2,5,4,9,10,11
840,1,1,15,0,0,1,1,1,2,2,0,1,4,2,0,0,1,0,1,1,1,0,1,5,4,5,2,4,4,8,7,9,9
841,1,1,15,1,1,1,3,3,0,0,3,0,1,2,0,0,1,0,1,1,1,1,0,5,3,3,1,1,5,0,11,11,11
842,1,1,17,0,0,1,2,1,2,2,2,1,3,1,0,0,0,0,1,1,0,0,1,5,5,5,5,5,3,8,8,10,9
843,1,0,16,0,0,1,4,4,4,4,0,1,2,3,0,0,0,0,1,1,1,1,1,4,2,2,1,1,4,6,16,16,17
844,1,0,15,0,0,1,1,2,2,3,0,1,2,1,0,0,0,0,0,1,1,0,0,5,1,2,1,1,1,3,11,13,13
845,1,0,16,0,0,1,2,3,2,3,0,1,3,2,0,0,1,0,0,1,1,1,0,4,5,4,1,2,1,2,15,15,15
846,1,1,16,0,0,1,1,2,2,2,0,0,2,2,0,0,0,0,0,1,1,0,0,4,3,3,1,1,5,0,10,11,11
847,1,0,16,0,0,1,2,2,2,2,0,1,3,2,0,0,1,0,0,1,1,1,0,4,4,5,1,1,4,4,9,10,11
848,1,0,16,1,0,1,1,2,2,3,0,1,1,3,1,0,1,0,0,1,1,0,0,1,3,2,1,2,4,0,10,8,8
849,1,0,16,1,0,1,1,2,2,3,0,1,1,3,1,0,1,0,0,1,1,0,0,1,3,2,1,2,4,3,9,8,8
850,1,0,15,1,0,1,2,1,0,2,1,1,1,2,0,1,1,0,0,0,1,1,0,4,4,2,3,3,2,0,9,10,9
851,1,0,16,1,0,1,1,1,0,2,0,0,1,2,0,0,1,0,0,0,1,0,1,5,4,3,2,1,2,0,13,14,15
852,1,1,17,0,1,1,1,2,0,3,3,1,1,1,0,0,1,0,1,1,1,1,0,5,5,5,5,5,3,4,10,11,11
853,1,0,16,0,0,1,1,1,2,2,1,0,4,4,0,0,1,0,0,0,1,1,0,4,3,2,1,1,1,0,13,10,13
854,1,0,16,0,0,1,1,1,0,2,2,0,4,3,0,1,1,0,0,1,1,0,0,4,4,3,1,1,5,2,10,9,10
855,1,0,15,0,0,1,1,1,0,2,1,0,2,2,0,0,1,0,1,1,1,1,0,4,3,3,1,1,2,1,11,10,11
856,1,0,16,0,0,1,1,1,0,2,2,1,2,1,0,0,0,0,1,1,1,1,1,4,2,2,4,3,2,0,13,12,14
857,1,0,15,0,0,1,1,1,0,0,0,0,3,2,0,0,1,0,0,1,1,0,0,4,2,1,1,2,2,0,13,14,14
858,1,0,15,0,1,1,2,2,2,2,2,0,1,3,0,1,1,0,0,1,1,0,0,4,4,3,2,2,5,2,14,11,12
859,1,1,16,0,0,1,1,1,0,2,2,0,2,1,0,0,0,0,1,1,1,0,0,3,4,4,3,4,5,6,11,11,11
860,1,0,18,1,0,1,1,2,2,2,0,0,1,2,1,0,1,0,1,1,1,1,1,3,4,4,2,3,5,9,9,8,8
861,1,1,15,1,0,1,3,1,2,3,1,1,2,1,0,0,1,0,0,1,1,0,0,3,2,3,1,3,4,0,10,9,11
862,1,0,16,0,0,1,2,2,2,3,0,0,3,2,0,0,1,0,1,1,1,1,0,5,3,4,1,1,2,1,14,13,14
863,1,1,15,1,0,1,2,2,1,2,3,1,3,1,0,0,0,0,0,1,1,0,0,4,3,3,1,2,4,1,13,12,13
864,1,1,16,1,0,1,4,4,2,4,0,0,1,2,0,0,1,0,1,1,1,0,1,4,3,1,1,1,3,0,13,12,13
865,1,0,15,0,0,1,3,3,3,2,3,1,1,2,0,0,1,0,0,1,1,1,1,4,5,4,1,1,1,4,13,12,12
866,1,0,16,0,0,1,2,2,0,2,0,1,2,2,1,0,1,0,1,0,1,0,0,4,4,4,2,3,5,2,12,11,12
867,1,0,16,0,1,1,2,2,2,2,1,0,3,1,0,0,1,0,1,1,1,0,1,4,3,2,1,1,4,0,14,14,16
868,1,1,16,1,1,1,2,1,0,3,0,1,2,1,0,0,1,0,1,1,1,1,0,2,4,3,2,3,4,4,10,8,10
869,1,1,15,0,1,1,1,3,0,2,3,0,3,1,0,0,1,0,1,1,1,1,0,4,2,4,3,5,3,2,10,11,11
870,1,0,15,1,0,1,2,2,2,3,0,1,2,3,0,0,1,0,1,1,1,0,0,5,3,2,1,1,4,0,12,13,14
871,1,0,16,0,1,1,2,1,2,2,1,1,1,1,0,0,1,0,0,1,1,1,1,5,4,3,1,1,5,2,10,8,8
872,1,1,15,1,0,1,3,3,3,3,0,0,2,1,0,0,1,0,1,0,1,1,0,4,3,3,2,4,3,11,12,10,11
873,1,0,16,0,0,1,1,1,0,2,0,0,2,2,3,1,1,0,0,1,1,0,0,3,4,3,1,1,1,0,7,7,8
874,1,0,17,1,0,1,2,2,2,0,0,1,1,1,0,0,1,0,1,1,0,0,0,4,5,3,1,1,5,4,9,9,10
875,1,0,19,1,0,1,2,3,0,3,0,2,1,1,1,0,0,0,0,1,0,1,1,4,4,4,1,1,2,0,9,9,10
876,1,0,17,0,0,1,2,1,0,2,0,1,3,1,0,0,1,0,1,1,0,0,1,5,5,3,1,1,3,2,9,10,11
877,1,0,15,0,1,1,1,1,0,2,0,1,2,1,0,0,1,0,0,1,0,0,1,5,2,1,1,3,4,0,9,10,9
878,1,0,16,0,0,1,2,2,2,2,0,0,3,2,0,0,1,0,0,1,0,1,0,3,4,5,1,2,1,1,9,10,11
879,1,0,16,1,1,0,2,2,2,2,1,1,1,1,0,0,1,0,0,1,0,0,0,4,3,4,1,2,1,6,7,7,8
880,3,0,17,0,0,1,2,2,0,2,0,1,2,2,0,0,1,0,0,1,1,1,0,4,3,5,1,2,4,0,11,10,11
881,3,0,16,1,0,1,2,2,2,3,0,0,1,1,1,0,1,1,1,0,1,1,0,4,4,3,1,4,3,1,9,10,10
882,3,0,18,0,1,0,3,2,2,2,0,2,2,3,2,0,1,0,0,0,0,0,1,3,3,2,1,1,2,6,7,9,10
883,3,0,19,1,0,1,1,1,0,3,0,1,1,3,1,0,0,0,1,1,0,0,1,5,3,1,1,1,3,6,7,9,9
884,3,1,18,0,0,1,1,1,2,2,1,1,2,1,1,0,0,0,1,1,0,1,0,4,4,3,3,4,4,0,8,9,10
885,3,0,18,0,0,1,1,1,0,0,0,1,2,1,1,0,0,0,0,0,0,1,1,3,2,3,1,1,2,4,9,11,10
886,3,0,19,1,0,1,1,1,2,2,0,2,2,2,1,0,1,0,0,1,1,1,1,1,1,4,4,1,1,12,7,8,9
887,3,0,16,0,0,0,2,2,1,2,0,1,1,2,0,0,0,0,0,0,1,0,1,3,3,2,1,1,3,2,8,10,10
888,3,0,17,1,0,1,0,1,2,0,0,0,2,1,0,0,0,0,1,0,1,0,0,2,4,4,3,5,5,5,9,9,10
889,3,0,16,0,1,1,1,2,0,2,0,1,1,2,0,0,0,0,1,1,0,1,0,4,4,5,1,3,3,0,8,9,9
890,3,0,16,1,0,1,3,3,2,2,3,1,1,1,0,0,0,0,1,1,0,1,1,4,5,4,1,1,4,0,14,13,13
891,3,0,16,0,1,1,1,1,3,3,1,1,1,1,0,0,1,0,1,1,1,1,1,4,4,4,2,2,4,2,14,14,14
892,3,1,17,1,0,1,3,3,3,0,0,1,2,4,1,0,1,1,1,1,1,0,0,5,4,5,3,4,5,0,10,11,10
893,3,0,16,1,0,1,2,1,2,3,0,1,1,2,0,0,1,0,1,1,1,1,0,5,3,3,1,1,1,0,14,13,14
894,3,0,16,1,0,1,2,2,3,2,0,1,1,1,0,0,1,1,1,1,1,0,1,4,2,5,1,2,5,0,17,16,16
895,3,1,17,1,0,1,1,2,2,2,0,0,1,1,1,0,1,0,1,1,0,1,1,5,3,5,5,5,1,12,6,7,7
896,3,1,16,1,1,1,4,3,2,2,0,0,1,1,0,0,0,0,1,1,1,1,0,4,2,5,1,5,5,8,14,12,13
897,3,1,17,0,1,1,2,2,3,3,2,1,3,4,1,0,1,0,0,1,1,0,0,1,3,5,3,5,3,2,10,8,9
898,3,0,16,1,0,1,1,1,2,2,0,2,1,4,0,1,1,0,1,1,1,1,0,2,2,1,1,1,5,0,14,14,14
899,3,0,19,1,1,1,2,2,2,2,1,1,1,3,0,0,0,0,0,1,1,1,1,5,4,5,1,1,1,0,12,13,13
900,3,0,17,0,0,1,1,1,0,2,3,1,2,1,0,0,1,0,1,0,1,1,1,4,4,5,1,2,5,0,11,11,11
901,3,0,20,1,0,1,3,3,0,3,2,1,2,2,1,0,0,0,1,1,1,1,1,3,3,4,2,4,3,8,11,9,10
902,3,0,17,1,1,1,1,1,2,3,0,0,1,3,0,0,1,0,0,1,1,0,1,4,3,3,1,1,3,0,11,11,10
903,3,1,17,0,0,1,2,2,2,2,0,1,3,1,1,0,1,0,0,0,1,1,0,4,4,5,1,2,5,0,10,9,9
904,3,0,16,0,1,1,1,1,0,2,0,0,3,2,0,0,1,0,0,1,1,0,0,5,3,2,1,1,1,0,16,17,18
905,3,0,17,0,0,1,2,2,2,2,3,1,2,2,0,0,1,0,1,1,1,0,0,5,3,2,1,1,1,0,15,17,17
906,3,0,17,1,0,0,1,0,2,2,2,1,2,2,0,0,0,0,0,1,1,1,1,4,4,5,1,1,4,1,11,9,10
907,3,0,18,0,0,1,1,1,0,2,2,1,1,2,1,0,1,0,0,1,1,1,1,4,3,2,1,1,5,9,7,7,7
908,3,0,16,1,0,1,3,1,2,2,0,1,1,1,0,0,0,0,1,1,1,1,0,3,1,3,1,3,1,0,8,6,8
909,3,0,16,1,0,1,3,2,3,0,0,1,1,1,0,0,0,0,0,1,1,1,0,3,1,3,1,4,3,2,7,6,7
910,3,0,18,1,1,1,1,1,2,0,3,1,2,2,0,1,0,0,0,1,1,0,0,2,3,5,1,4,3,8,9,8,10
911,3,0,16,0,0,1,4,4,1,4,3,0,1,2,0,0,0,0,1,0,1,1,1,4,3,3,2,3,2,0,14,16,16
912,3,0,16,0,1,1,1,2,2,2,3,1,2,1,0,0,0,0,1,1,1,1,0,5,4,5,1,4,2,0,14,14,15
913,3,0,18,1,0,0,2,4,2,3,3,0,1,2,1,0,1,0,0,1,1,1,0,2,3,2,1,3,1,8,8,5,8
914,3,1,16,0,0,1,2,1,2,3,3,1,2,2,0,0,0,0,1,1,1,1,0,5,2,1,1,1,2,0,8,7,6
915,3,0,16,1,1,1,1,1,0,2,2,1,3,2,0,0,1,0,0,1,1,1,0,4,3,2,1,3,5,6,6,8,8
916,3,0,16,0,0,1,2,3,0,3,2,1,2,2,0,0,1,0,1,1,1,1,0,3,3,3,1,1,2,0,8,10,10
917,3,0,16,1,0,1,4,4,1,1,0,1,1,2,0,0,1,0,0,1,1,1,1,4,3,4,1,2,3,4,8,8,8
918,3,1,18,1,1,1,4,4,0,1,1,1,1,4,0,0,1,0,1,1,0,1,1,5,5,5,5,5,5,2,5,6,6
919,3,0,16,0,1,1,3,4,0,2,2,1,3,2,0,0,1,0,0,0,1,0,0,4,2,1,1,1,2,2,7,9,8
920,3,1,17,1,1,1,4,4,2,3,1,1,1,3,0,0,1,0,0,1,1,1,0,4,4,3,1,2,5,0,15,14,16
921,3,0,17,0,0,1,4,1,2,2,2,1,1,1,0,0,0,0,0,1,1,1,1,4,2,3,1,2,5,1,13,14,14
922,3,1,16,1,1,1,2,2,3,3,2,1,4,3,0,0,0,0,0,1,1,0,0,5,1,3,2,2,3,0,10,9,10
923,3,0,17,0,0,1,2,2,0,2,2,1,1,1,0,0,1,1,0,1,1,1,0,5,1,3,1,2,5,5,9,9,9
924,3,0,16,1,1,1,4,4,3,3,2,0,2,1,0,0,1,0,0,1,1,0,0,5,1,3,1,2,5,1,11,11,11
925,3,1,17,1,0,1,3,3,3,3,1,1,1,1,0,0,1,0,1,1,1,1,0,4,1,4,5,5,3,8,7,10,9
926,3,1,17,1,0,1,1,1,0,3,2,1,3,2,0,0,0,0,0,1,1,1,1,5,1,3,3,3,1,0,10,10,10
927,3,1,16,1,0,1,2,1,1,3,2,1,2,2,0,0,0,0,0,0,1,1,1,4,2,2,1,4,5,2,9,7,8
928,3,0,16,1,1,1,2,1,2,3,2,1,1,2,0,0,0,0,0,1,1,1,1,3,2,2,1,1,3,0,14,15,16
929,3,1,16,1,1,1,4,4,4,1,2,0,1,1,0,0,1,0,0,1,1,1,0,4,1,2,2,5,5,0,11,12,12
930,3,1,15,0,0,1,1,2,2,3,0,1,3,2,0,0,1,0,1,1,1,0,0,5,5,5,1,3,5,11,9,11,10
931,3,1,15,1,1,0,2,2,2,2,3,1,3,4,0,0,1,0,1,1,1,0,0,5,4,5,2,3,5,8,13,14,14
932,3,1,15,1,1,0,2,1,3,3,0,1,1,1,0,0,0,0,1,1,1,1,0,4,3,3,1,2,5,11,12,13,12
933,3,0,16,0,1,1,2,2,2,2,0,1,1,3,0,0,1,0,0,0,1,0,1,4,3,3,2,2,5,2,11,11,11
934,3,0,16,1,1,1,4,1,2,2,1,1,2,2,0,0,1,0,1,1,1,1,0,1,2,4,2,2,1,8,9,10,10
935,3,0,17,1,0,1,3,2,0,2,1,1,2,1,0,0,0,0,0,1,1,0,1,4,3,3,2,2,1,5,9,11,11
936,3,0,17,0,0,1,2,2,2,2,2,1,2,2,0,1,0,1,0,1,1,0,0,5,1,3,1,1,5,0,11,9,11
937,3,0,16,1,0,1,4,4,4,3,0,1,2,3,0,0,1,0,0,1,1,1,1,5,3,5,1,4,5,1,10,11,12
938,3,1,17,0,0,1,4,4,1,2,0,0,3,1,3,0,0,0,1,1,1,1,1,3,3,3,1,3,5,2,9,9,8
939,3,1,17,0,1,1,1,3,2,2,0,0,2,1,0,0,0,0,1,1,1,0,1,5,1,2,3,3,5,2,12,11,12
940,3,1,17,1,0,1,3,4,3,2,2,1,1,2,1,0,1,0,1,0,1,1,1,5,4,4,3,4,5,8,8,9,8
941,3,0,17,1,0,1,4,4,1,1,0,0,1,2,0,0,1,0,0,1,1,1,0,5,2,5,1,1,5,0,13,15,16
942,3,1,16,0,1,1,4,1,2,0,2,0,1,1,0,0,0,0,0,1,1,1,0,4,1,2,2,1,2,0,10,11,11
943,3,0,17,1,0,0,1,1,0,0,2,1,1,2,0,0,0,0,1,1,1,1,1,4,5,5,1,2,3,2,11,10,11
944,3,0,17,0,0,1,4,2,2,2,0,1,2,2,0,1,1,0,0,0,1,1,0,4,3,3,2,3,5,0,17,18,18
945,3,1,16,1,1,0,2,2,2,3,0,0,2,2,0,0,1,0,0,0,1,1,1,4,1,2,2,2,5,0,12,13,13
946,3,1,17,1,0,1,3,2,2,2,2,0,2,2,0,0,1,1,0,1,1,1,0,4,1,2,2,2,1,0,13,14,13
947,3,1,19,1,0,1,1,1,2,2,2,1,1,2,2,0,1,0,1,1,0,1,0,4,4,3,3,4,4,2,9,9,10
948,3,1,17,1,1,0,1,0,2,2,1,1,1,1,0,0,0,0,0,1,1,0,1,4,1,2,1,1,5,4,11,11,12
949,3,0,17,0,0,1,1,1,0,0,0,0,2,1,0,0,1,0,1,1,0,1,1,3,5,5,2,2,4,3,10,11,10
950,3,0,16,0,0,1,1,2,2,2,1,0,1,3,0,1,1,0,0,0,1,1,1,4,3,4,1,1,3,5,13,14,13
951,3,1,16,0,1,1,1,2,2,0,0,1,1,1,0,0,0,0,0,1,1,0,0,4,4,4,2,4,5,4,9,10,11
952,3,0,17,0,0,1,3,1,2,2,0,1,2,2,3,0,1,0,1,0,1,1,1,5,4,4,1,1,5,2,7,9,10
953,3,1,17,0,0,1,2,2,2,2,0,1,2,1,0,0,0,0,1,1,0,0,1,5,5,5,3,5,5,0,8,13,10
954,3,1,18,0,0,1,1,0,0,0,0,2,3,1,1,1,1,0,0,1,1,0,0,4,3,2,1,1,4,0,12,12,13
955,3,1,17,0,0,1,1,1,2,3,0,1,2,1,0,0,1,0,1,0,1,1,1,4,5,5,1,3,2,0,10,9,10
956,3,1,18,1,1,1,1,1,0,0,0,1,2,2,0,0,1,0,1,1,1,0,0,4,3,3,1,4,5,6,10,9,10
957,3,0,16,0,1,1,2,2,2,3,0,0,1,2,0,0,0,0,1,1,1,0,1,5,4,3,1,1,1,0,11,13,12
958,3,1,17,1,0,1,2,2,2,2,0,1,1,1,1,0,0,0,1,1,1,0,1,1,2,1,2,3,5,0,7,8,10
959,3,1,16,0,0,1,3,2,3,2,0,0,2,1,0,0,0,0,0,1,1,1,0,4,5,5,2,3,5,2,11,9,10
960,3,1,16,0,1,1,1,1,0,2,0,1,2,1,0,0,0,0,1,1,1,1,0,4,5,5,2,4,5,0,10,10,9
961,3,1,18,0,0,1,1,1,3,2,0,2,2,1,1,0,1,0,0,1,0,1,1,5,3,3,2,3,5,2,9,7,9
963,3,1,19,1,0,1,3,2,0,3,0,1,2,1,3,0,0,0,1,1,1,0,0,3,2,1,1,1,3,4,6,11,9
964,3,1,18,1,0,1,3,3,0,0,0,1,1,2,2,0,1,0,1,1,0,1,0,4,4,5,1,3,3,9,4,8,8
965,3,1,16,0,0,1,2,2,3,3,0,1,2,1,0,0,1,0,1,1,1,1,1,5,4,3,2,4,4,6,7,8,8
966,3,1,19,1,0,1,2,1,0,2,0,2,2,1,3,0,0,0,1,0,0,1,1,4,4,3,1,3,5,4,8,9,9
967,3,0,16,1,0,0,3,2,3,0,0,1,2,2,2,0,1,0,1,1,1,0,1,2,5,5,1,1,1,8,5,5,7
968,3,0,17,1,0,1,1,1,2,0,0,1,1,1,0,0,1,0,1,1,1,0,0,4,3,2,1,2,5,9,7,9,10
969,3,1,20,0,0,1,1,1,2,2,0,2,2,1,1,0,1,0,0,1,0,1,1,4,4,3,2,4,4,12,8,11,10
970,3,0,18,0,0,0,4,3,3,3,0,1,1,1,0,0,1,0,0,1,1,1,0,5,4,4,3,4,2,8,10,11,10
971,3,1,18,0,0,1,3,2,2,2,0,1,2,1,0,0,1,0,0,0,1,1,0,2,5,5,5,5,5,8,9,10,11
972,3,1,19,0,0,1,1,1,2,3,1,2,3,2,1,0,0,0,0,1,1,1,0,5,4,4,3,3,2,8,10,9,11
973,3,1,17,1,0,1,3,3,1,2,0,1,2,2,1,0,1,0,0,1,1,1,0,4,5,4,2,3,3,4,8,9,10
974,3,1,18,1,1,1,1,3,0,3,0,1,1,1,0,0,0,0,0,1,0,1,1,4,3,3,2,3,3,0,9,10,9
975,3,1,19,0,0,1,1,1,2,2,1,2,3,1,1,0,1,0,0,1,1,1,0,4,4,4,3,3,5,4,8,9,10
976,3,0,18,1,0,0,1,2,0,2,0,1,2,2,2,0,1,0,0,1,1,0,0,4,3,3,1,1,5,2,6,8,8
977,3,0,19,1,1,0,1,1,0,2,0,1,1,1,0,0,1,0,0,1,0,0,0,1,4,4,1,1,5,0,6,8,7
978,3,0,18,0,0,1,2,2,2,2,2,1,2,1,1,0,0,0,0,1,0,1,1,5,5,5,1,1,3,0,8,6,6
979,3,0,17,0,0,1,0,0,0,2,0,1,2,1,0,0,1,0,0,1,1,1,0,4,4,3,1,1,5,0,10,11,11
980,3,0,17,0,1,0,3,1,2,0,0,2,2,3,0,0,1,1,0,1,0,0,0,4,2,3,2,2,3,5,8,7,8
981,3,0,17,1,0,1,4,2,4,3,1,1,1,2,0,1,1,0,1,1,1,1,0,5,5,5,1,3,5,0,8,8,10
982,3,0,18,0,1,1,2,2,3,3,0,1,1,2,1,0,1,0,1,1,1,1,0,2,3,3,1,2,4,3,7,6,8
983,3,0,17,1,0,1,4,1,1,0,0,1,1,1,0,0,1,0,0,1,1,0,1,3,2,2,1,1,5,0,8,10,9
984,3,0,17,1,1,1,1,2,0,2,0,0,1,1,0,0,0,0,0,1,1,1,0,5,5,1,1,1,3,0,7,10,10
985,3,0,18,1,0,1,1,1,2,2,0,1,3,2,2,0,0,0,1,1,1,0,1,3,4,4,2,2,5,3,7,8,7
986,3,0,18,1,0,1,2,2,3,0,3,0,2,2,0,0,0,0,1,0,1,1,0,4,3,5,1,1,1,2,12,13,14
987,3,0,17,1,0,1,3,3,3,3,0,1,2,1,0,0,1,0,0,1,1,1,0,4,4,3,1,1,4,0,11,12,13
988,3,0,18,1,1,0,1,2,0,2,3,1,2,2,0,0,0,0,0,1,1,1,0,4,4,3,1,2,4,0,12,13,14
989,3,0,18,1,0,1,4,4,4,4,3,1,2,2,0,0,0,0,1,0,1,1,0,4,3,5,1,2,1,0,18,18,18
990,3,1,18,1,1,1,4,4,3,2,3,1,1,1,0,0,1,0,1,1,1,1,0,5,4,5,1,1,5,3,17,17,17
991,3,0,17,1,0,1,4,2,2,2,0,1,2,2,0,0,1,0,0,1,1,1,0,4,3,3,1,2,4,0,17,18,18
992,3,0,18,0,0,1,2,2,0,2,0,1,3,2,1,0,0,0,1,1,1,0,1,4,3,3,1,1,4,0,9,11,11
993,3,1,18,1,1,1,1,2,0,3,1,1,2,1,0,0,1,0,0,0,1,0,0,4,1,4,5,5,1,8,10,11,11
994,3,1,18,0,0,1,4,4,0,3,2,1,3,1,0,0,1,1,1,1,1,1,1,2,5,5,1,1,1,5,12,13,14
995,3,1,17,0,0,1,1,1,2,3,2,0,3,1,0,0,0,0,0,0,0,0,0,4,2,3,3,4,4,4,12,13,14
996,3,0,18,1,0,1,2,2,2,2,0,1,2,2,0,0,1,0,0,0,1,1,1,1,3,1,1,1,2,4,8,8,10
997,3,0,18,1,1,1,2,2,3,3,0,0,2,3,0,0,0,0,0,1,1,1,1,5,4,5,1,4,3,0,11,12,13
998,3,0,18,0,1,0,4,2,4,2,3,1,1,2,0,0,0,0,1,1,1,1,1,5,3,1,1,1,5,0,5,6,6
999,3,0,18,1,0,1,1,1,0,3,0,1,3,2,1,0,0,0,0,1,0,0,0,4,4,2,1,2,2,2,9,10,10
1000,3,0,19,1,0,1,1,1,0,3,2,0,2,1,1,0,0,0,0,1,0,0,0,5,5,5,2,3,2,0,5,6,6
1001,3,0,17,1,0,1,4,2,4,2,0,0,2,4,0,0,0,0,0,1,1,1,1,4,2,3,3,1,5,0,18,18,18
1002,3,0,17,0,1,0,2,1,3,2,3,1,2,2,0,0,0,0,1,1,1,1,1,5,3,3,1,2,2,5,11,11,12
1003,3,0,18,1,1,0,1,1,0,3,0,1,1,2,0,0,0,0,0,1,1,0,1,5,2,3,1,2,3,2,8,10,11
1004,3,0,18,1,0,1,1,2,0,0,0,0,2,2,0,0,1,0,0,1,0,0,0,4,1,1,1,1,4,0,11,11,12
1005,3,0,19,0,0,0,1,1,0,0,0,2,2,2,3,0,1,0,1,1,0,0,1,3,5,4,1,4,1,0,8,10,10
1006,3,0,18,0,0,1,2,2,3,2,1,1,2,3,0,0,0,0,0,1,1,1,1,4,2,1,1,1,4,5,14,14,15
1007,3,1,17,0,0,1,4,3,3,2,1,1,2,2,1,0,1,1,1,0,1,1,1,4,5,5,1,3,2,4,10,11,11
1008,3,0,18,1,0,1,3,3,3,3,0,0,1,2,0,0,1,0,0,1,1,0,1,5,3,4,1,1,5,0,10,10,10
1009,3,0,17,0,0,1,4,4,4,3,2,0,2,2,0,0,1,1,1,1,1,1,0,4,3,3,1,2,5,2,12,12,12
1010,3,0,17,1,1,0,3,2,3,2,3,1,2,2,0,0,0,0,0,1,1,0,1,1,2,3,1,2,5,0,15,14,15
1011,3,1,18,1,1,1,1,1,2,3,1,0,2,1,0,0,0,0,0,0,1,1,1,3,3,2,1,2,3,2,14,13,14
1012,3,0,18,1,1,1,1,1,0,3,0,0,2,3,0,0,0,0,0,1,1,1,0,5,3,2,1,1,4,0,19,17,18
1013,3,0,18,0,1,0,1,2,0,2,0,1,3,2,0,0,0,0,0,1,1,0,1,4,3,4,1,4,5,0,16,15,15
1014,3,0,18,1,0,1,3,3,3,3,2,1,2,2,0,0,1,0,0,1,1,1,1,4,3,2,1,3,3,6,13,12,13
1015,3,0,17,1,1,1,4,4,0,0,0,1,1,2,0,0,1,0,1,1,1,1,1,2,3,4,1,1,1,4,15,14,15
1016,3,0,17,0,0,1,1,2,2,3,0,0,2,2,0,0,0,0,0,0,1,0,0,3,2,2,1,2,3,0,13,13,13
1017,3,1,18,0,0,1,1,3,0,2,0,1,2,2,0,0,1,1,0,1,1,0,0,3,3,4,2,4,3,0,8,10,9
1018,3,1,18,1,1,1,4,4,4,3,2,1,2,3,0,0,0,0,0,1,1,1,1,4,2,2,2,2,5,0,15,16,16
1019,3,0,17,0,0,1,1,1,2,3,3,1,3,1,1,0,1,0,0,1,1,1,1,5,2,1,1,2,1,0,8,8,9
1020,3,0,18,1,0,1,2,3,0,3,0,0,2,1,0,0,1,0,0,1,1,1,1,5,2,3,1,2,4,0,10,10,10
1021,3,0,18,0,0,1,4,4,2,4,2,0,3,2,0,0,1,0,0,0,1,1,1,3,2,2,4,2,5,0,7,5,6
1022,3,1,18,0,1,1,1,2,0,3,2,0,3,1,0,0,1,0,1,1,0,1,1,4,3,3,2,3,3,3,9,10,10
1023,3,0,17,1,0,1,2,2,2,0,1,1,1,3,0,0,0,0,1,1,1,0,1,3,4,3,1,1,3,8,10,11,12
1024,3,0,17,0,0,1,1,2,2,2,0,1,1,1,0,0,0,0,1,1,1,1,0,3,5,5,1,3,1,4,7,8,9
1025,3,0,18,0,1,1,4,4,2,2,3,1,2,3,0,0,0,0,0,1,1,1,0,5,4,4,1,1,1,0,15,17,17
1026,3,0,18,0,0,1,1,1,2,2,1,1,4,3,0,0,0,0,0,1,1,1,0,4,3,2,1,2,4,4,10,11,12
1027,3,0,19,0,0,1,1,1,0,2,0,2,2,2,1,0,1,0,0,1,1,1,1,4,3,3,1,1,3,4,7,8,9
1028,3,0,18,0,1,1,4,4,4,3,0,1,1,2,0,0,0,0,1,1,1,1,0,5,4,3,3,4,2,1,13,14,14
1029,3,0,18,1,0,1,3,3,2,2,1,1,1,2,0,0,0,0,0,1,1,1,1,4,1,3,1,2,1,1,16,16,16
1030,3,0,17,0,0,1,3,1,0,2,3,1,1,2,0,0,1,0,1,0,1,1,0,4,5,4,2,3,1,10,8,9,9
1031,3,1,18,1,0,1,4,4,4,4,1,0,1,2,0,0,0,0,1,0,1,1,0,3,2,4,1,4,2,4,17,18,19
1032,3,1,18,0,0,1,2,1,2,2,2,1,2,1,0,0,0,0,1,0,1,1,1,4,4,3,1,3,5,0,7,7,6
1033,3,1,17,1,0,1,2,3,2,3,1,0,2,2,0,0,0,0,1,1,1,1,0,4,4,3,1,1,3,4,14,15,16
1034,3,1,19,0,0,1,1,1,2,3,2,1,2,1,1,0,0,0,0,1,1,0,0,4,3,2,1,3,5,0,5,8,10
1035,3,1,18,0,0,1,4,2,2,2,1,0,2,1,1,0,0,1,0,1,1,0,0,5,4,3,4,3,3,0,7,7,6
1036,3,0,18,0,0,1,2,2,0,2,2,1,2,3,0,0,0,0,0,1,1,0,0,5,3,3,1,3,4,0,14,17,15
1037,3,0,17,1,0,1,4,3,4,2,2,1,2,2,0,0,0,0,0,1,1,1,0,5,5,4,1,1,1,0,6,9,11
1038,3,0,18,0,0,1,4,4,4,0,3,1,3,1,0,0,1,0,1,1,1,1,1,4,4,3,2,2,5,4,7,9,10
1039,3,0,19,0,0,1,2,3,3,2,0,1,1,3,1,0,0,0,1,0,1,1,0,5,4,2,1,2,5,4,10,11,10
1040,3,0,18,1,1,1,3,1,4,3,0,1,1,2,0,0,1,0,0,1,1,1,0,4,3,4,1,1,1,4,15,15,16
1041,3,0,18,1,0,1,1,1,2,2,0,1,2,2,0,0,0,0,1,1,1,0,0,1,1,1,1,1,5,6,11,12,9
1042,3,1,17,1,1,1,3,1,3,3,0,1,2,1,0,0,0,0,0,0,1,1,0,2,4,5,3,4,2,6,10,10,10
1043,3,1,18,0,1,1,3,2,3,2,0,1,3,1,0,0,0,0,0,0,1,1,0,4,4,1,3,4,5,4,10,11,11
